년도,월,제목
2010,1,강변북로 양화~원효대교 구간에 지하터널
2010,1,강변북로 양화~원효대교 구간에 지하터널
2010,1,강변북로 양화~원효대교 구간에 지하터널
2010,1,강변북로 양화~원효대교 구간에 지하터널
2010,1,강변북로 양화~원효대교 구간에 지하터널
2010,1,강변북로 양화~원효대교 구간에 지하터널
2010,1,강변북로 양화~원효대교 구간에 지하터널
2010,1,강변북로 양화~원효대교 구간에 지하터널
2010,1,강변북로 양화~원효대교 구간에 지하터널
2010,1,새해 아침에 대나무에 쌓인 눈
2010,1,하루종일 오려나
2010,1,세계 최대 전자쇼 美‘CES’ 7일 개막
2010,1,세계 최대 전자쇼 美‘CES’ 7일 개막
2010,1,세계 최대 전자쇼 美‘CES’ 7일 개막
2010,1,세계 최대 전자쇼 美‘CES’ 7일 개막
2010,1,세계 최대 전자쇼 美‘CES’ 7일 개막
2010,1,세계 최대 전자쇼 美‘CES’ 7일 개막
2010,1,세계 최대 전자쇼 美‘CES’ 7일 개막
2010,1,잠자는 오리들
2010,1,남강댐 물 부산공급 사업 백지화투쟁 확산 조짐
2010,1,남강댐 물 부산공급 사업 백지화투쟁 확산 조짐
2010,1,남강댐 물 부산공급 사업 백지화투쟁 확산 조짐
2010,1,남강댐 물 부산공급 사업 백지화투쟁 확산 조짐
2010,1,남강댐 물 부산공급 사업 백지화투쟁 확산 조짐
2010,1,남강댐 물 부산공급 사업 백지화투쟁 확산 조짐
2010,1,남강댐 물 부산공급 사업 백지화투쟁 확산 조짐
2010,1,남강댐 물 부산공급 사업 백지화투쟁 확산 조짐
2010,1,[날씨_5일(화)] 손이 꽁꽁 발이 꽁꽁
2010,1,호수공원 찾은 시민들
2010,1,새하얀 호수공원
2010,1,구중심처의 아름다운 설경
2010,1,퇴근길 빙판길 사고현장
2010,1,전북지역 대설주의보 해제
2010,1,간월재에 내리는 눈
2010,1,사람의 힘으로 역부족
2010,1,눈내리는 동대문
2010,1,공항·도로·항만 점차 제기능 회복
2010,1,흰 눈밭에 남겨진 나무그림자
2010,1,설경이 아름다운 노을공원
2010,1,녹기전에
2010,1,출근길 조심조심
2010,1,강추위에 얼어붙은 인천공항
2010,1,설국으로 변한 운현궁
2010,1,지구촌 북반구 겨울 ‘이상 한파’
2010,1,전북 전역 0시 대설주의보
2010,1,대산항 기름유출량 1천ℓ 넘는 듯
2010,1,각종 곤충 한자리에
2010,1,고창 등 전북 5개 시.군 07시 대설특보 해제
2010,1,'온난화+엘니뇨'의 반격… 눈 폭탄은 서막
2010,1,'온난화+엘니뇨'의 반격… 눈 폭탄은 서막
2010,1,'온난화+엘니뇨'의 반격… 눈 폭탄은 서막
2010,1,'온난화+엘니뇨'의 반격… 눈 폭탄은 서막
2010,1,'온난화+엘니뇨'의 반격… 눈 폭탄은 서막
2010,1,'온난화+엘니뇨'의 반격… 눈 폭탄은 서막
2010,1,얼음 깨며 미나리 수확
2010,1,중앙환경분쟁조정위원장에 김원민씨
2010,1,"제주, 구름 많고 가끔 눈…당분간 추워"
2010,1,친환경 '국산차 &gt; 수입차'
2010,1,친환경 '국산차 &gt; 수입차'
2010,1,친환경 '국산차 &gt; 수입차'
2010,1,친환경 '국산차 &gt; 수입차'
2010,1,친환경 '국산차 &gt; 수입차'
2010,1,친환경 '국산차 &gt; 수입차'
2010,1,청둥오리와 나란히
2010,1,&lt;오늘날씨&gt; 한파 계속…서울 아침 -12도
2010,1,&lt;오늘날씨&gt; 한파 계속…서울 아침 -12도
2010,1,&lt;오늘날씨&gt; 한파 계속…서울 아침 -12도
2010,1,&lt;오늘날씨&gt; 한파 계속…서울 아침 -12도
2010,1,&lt;오늘날씨&gt; 한파 계속…서울 아침 -12도
2010,1,&lt;오늘날씨&gt; 한파 계속…서울 아침 -12도
2010,1,&lt;오늘날씨&gt; 한파 계속…서울 아침 -12도
2010,1,&lt;오늘날씨&gt; 한파 계속…서울 아침 -12도
2010,1,"북극해 위성사진, 융화속도 충격"
2010,1,"북극해 위성사진, 융화속도 충격"
2010,1,"북극해 위성사진, 융화속도 충격"
2010,1,"북극해 위성사진, 융화속도 충격"
2010,1,"북극해 위성사진, 융화속도 충격"
2010,1,"북극해 위성사진, 융화속도 충격"
2010,1,"북극해 위성사진, 융화속도 충격"
2010,1,"북극해 위성사진, 융화속도 충격"
2010,1,"북극해 위성사진, 융화속도 충격"
2010,1,제철 만난 '노르딕워킹'
2010,1,고드름이 있는 인사동 거리
2010,1,시련과 고통을 이기고
2010,1,10일 전국 포근…모레 다시 추워져
2010,1,10일 전국 포근…모레 다시 추워져
2010,1,10일 전국 포근…모레 다시 추워져
2010,1,10일 전국 포근…모레 다시 추워져
2010,1,10일 전국 포근…모레 다시 추워져
2010,1,10일 전국 포근…모레 다시 추워져
2010,1,"산림청, '녹색강국 실현 릴레이 토론회'"
2010,1,"환경단체, 굴업도 생태보존 표지판 설치"
2010,1,"환경단체, 굴업도 생태보존 표지판 설치"
2010,1,"환경단체, 굴업도 생태보존 표지판 설치"
2010,1,"환경단체, 굴업도 생태보존 표지판 설치"
2010,1,"환경단체, 굴업도 생태보존 표지판 설치"
2010,1,"환경단체, 굴업도 생태보존 표지판 설치"
2010,1,"환경단체, 굴업도 생태보존 표지판 설치"
2010,1,"환경단체, 굴업도 생태보존 표지판 설치"
2010,1,말똥가리의 날갯짓
2010,1,"영산강청, 수질개선 국비 3200억 투자"
2010,1,"경칩 19일 전에 '개굴개굴', 소설 한참 지나 '소복소복'"
2010,1,"경칩 19일 전에 '개굴개굴', 소설 한참 지나 '소복소복'"
2010,1,"경칩 19일 전에 '개굴개굴', 소설 한참 지나 '소복소복'"
2010,1,"경칩 19일 전에 '개굴개굴', 소설 한참 지나 '소복소복'"
2010,1,"경칩 19일 전에 '개굴개굴', 소설 한참 지나 '소복소복'"
2010,1,"경칩 19일 전에 '개굴개굴', 소설 한참 지나 '소복소복'"
2010,1,"경칩 19일 전에 '개굴개굴', 소설 한참 지나 '소복소복'"
2010,1,얼어붙은 오리의 꿈
2010,1,합천 보 방문한 이만의 장관
2010,1,강추위에 움츠린 시민들
2010,1,버스를 기다리는 시민들
2010,1,전북 대설특보 속 많은 눈…고창 15.5㎝
2010,1,"서울시, 물관리 無대책"
2010,1,"서울시, 물관리 無대책"
2010,1,"서울시, 물관리 無대책"
2010,1,"서울시, 물관리 無대책"
2010,1,한강 누드 남녀
2010,1,트럭은 밤에도 꼬리 물고 골재는 ‘공동묘지’
2010,1,"""홍어야 어디 숨었니"" 인공위성으로 경로 추적"
2010,1,"""홍어야 어디 숨었니"" 인공위성으로 경로 추적"
2010,1,"""홍어야 어디 숨었니"" 인공위성으로 경로 추적"
2010,1,"""홍어야 어디 숨었니"" 인공위성으로 경로 추적"
2010,1,"""홍어야 어디 숨었니"" 인공위성으로 경로 추적"
2010,1,"""홍어야 어디 숨었니"" 인공위성으로 경로 추적"
2010,1,"""홍어야 어디 숨었니"" 인공위성으로 경로 추적"
2010,1,먹이 찾아 입에 문 동고비
2010,1,또 눈발 날리는 서울
2010,1,헉! 보육시설 4곳중 1곳서 농약 살충제
2010,1,헉! 보육시설 4곳중 1곳서 농약 살충제
2010,1,헉! 보육시설 4곳중 1곳서 농약 살충제
2010,1,헉! 보육시설 4곳중 1곳서 농약 살충제
2010,1,헉! 보육시설 4곳중 1곳서 농약 살충제
2010,1,헉! 보육시설 4곳중 1곳서 농약 살충제
2010,1,헉! 보육시설 4곳중 1곳서 농약 살충제
2010,1,청계천에서 느끼는 겨울
2010,1,"주말 대전·충남, 포근해"
2010,1,16일 낮부터 '포근'
2010,1,16일 낮부터 '포근'
2010,1,16일 낮부터 '포근'
2010,1,16일 낮부터 '포근'
2010,1,16일 낮부터 '포근'
2010,1,16일 낮부터 '포근'
2010,1,16일 낮부터 '포근'
2010,1,호주 최고 스노위마운틴을 눈처럼 하얗게 뒤덮은 고산목
2010,1,휴일 대구경북 '포근'
2010,1,휴일 대구경북 '포근'
2010,1,휴일 대구경북 '포근'
2010,1,휴일 대구경북 '포근'
2010,1,휴일 대구경북 '포근'
2010,1,휴일 대구경북 '포근'
2010,1,휴일 대구경북 '포근'
2010,1,휴일 대구경북 '포근'
2010,1,잡은 고기 놓칠라!
2010,1,"산청군, 경호강 '꽁꽁'"
2010,1,필요를 넘어 꿈을 닮아가는 집
2010,1,필요를 넘어 꿈을 닮아가는 집
2010,1,필요를 넘어 꿈을 닮아가는 집
2010,1,필요를 넘어 꿈을 닮아가는 집
2010,1,필요를 넘어 꿈을 닮아가는 집
2010,1,필요를 넘어 꿈을 닮아가는 집
2010,1,필요를 넘어 꿈을 닮아가는 집
2010,1,내리는 비를 맞으며
2010,1,청계천 철새보호지역의 겨울 철새들
2010,1,"현대엘리, 기계식 자전거 주차설비 수주"
2010,1,"따롄, 주변 60해리 유빙재해 비상"
2010,1,"따롄, 주변 60해리 유빙재해 비상"
2010,1,"따롄, 주변 60해리 유빙재해 비상"
2010,1,"따롄, 주변 60해리 유빙재해 비상"
2010,1,"따롄, 주변 60해리 유빙재해 비상"
2010,1,"따롄, 주변 60해리 유빙재해 비상"
2010,1,안개 속의 겨울 공원
2010,1,안개 낀 천변에서
2010,1,안개 속 조심 조심...
2010,1,대구경북 겨울비…비 그치면 추위
2010,1,한반도 지진 불감증… 아이티 '강 건너 불' 아니다
2010,1,한반도 지진 불감증… 아이티 '강 건너 불' 아니다
2010,1,한반도 지진 불감증… 아이티 '강 건너 불' 아니다
2010,1,한반도 지진 불감증… 아이티 '강 건너 불' 아니다
2010,1,한반도 지진 불감증… 아이티 '강 건너 불' 아니다
2010,1,경북에 산양 18개체 서식 확인
2010,1,다시 찾아 온 반짝추위
2010,1,"독일, 이스탄불에 아이티급 대지진 경고"
2010,1,"독일, 이스탄불에 아이티급 대지진 경고"
2010,1,"독일, 이스탄불에 아이티급 대지진 경고"
2010,1,"독일, 이스탄불에 아이티급 대지진 경고"
2010,1,"독일, 이스탄불에 아이티급 대지진 경고"
2010,1,"독일, 이스탄불에 아이티급 대지진 경고"
2010,1,"독일, 이스탄불에 아이티급 대지진 경고"
2010,1,"""G20회의서 '세계녹색펀드' 제안할 것"""
2010,1,[날씨_22일(금)] 동장군 다시 기세
2010,1,[날씨_22일(금)] 동장군 다시 기세
2010,1,[날씨_22일(금)] 동장군 다시 기세
2010,1,[날씨_22일(금)] 동장군 다시 기세
2010,1,[날씨_22일(금)] 동장군 다시 기세
2010,1,[날씨_22일(금)] 동장군 다시 기세
2010,1,[날씨_22일(금)] 동장군 다시 기세
2010,1,[날씨_22일(금)] 동장군 다시 기세
2010,1,겨울공기 마시며 산책하는 시민들
2010,1,23일 중부 지방 '꽁꽁'…서울 -10도
2010,1,23일 중부 지방 '꽁꽁'…서울 -10도
2010,1,23일 중부 지방 '꽁꽁'…서울 -10도
2010,1,23일 중부 지방 '꽁꽁'…서울 -10도
2010,1,23일 중부 지방 '꽁꽁'…서울 -10도
2010,1,23일 중부 지방 '꽁꽁'…서울 -10도
2010,1,23일 중부 지방 '꽁꽁'…서울 -10도
2010,1,23일 중부 지방 '꽁꽁'…서울 -10도
2010,1,남덕유산 삿갓봉 정상 눈꽃으로 유혹
2010,1,"사르코지 ""기후변화 논의 G28 월례회의 열자"""
2010,1,"사르코지 ""기후변화 논의 G28 월례회의 열자"""
2010,1,"사르코지 ""기후변화 논의 G28 월례회의 열자"""
2010,1,"사르코지 ""기후변화 논의 G28 월례회의 열자"""
2010,1,"사르코지 ""기후변화 논의 G28 월례회의 열자"""
2010,1,"사르코지 ""기후변화 논의 G28 월례회의 열자"""
2010,1,"사르코지 ""기후변화 논의 G28 월례회의 열자"""
2010,1,"사르코지 ""기후변화 논의 G28 월례회의 열자"""
2010,1,서해남부 먼바다 08시 풍랑주의보
2010,1,안산 갈대습지에 희귀조류 월동
2010,1,안산 갈대습지에 희귀조류 월동
2010,1,안산 갈대습지에 희귀조류 월동
2010,1,안산 갈대습지에 희귀조류 월동
2010,1,안산 갈대습지에 희귀조류 월동
2010,1,안산 갈대습지에 희귀조류 월동
2010,1,안산 갈대습지에 희귀조류 월동
2010,1,안산 갈대습지에 희귀조류 월동
2010,1,아침 햇살이 그려낸 한폭의 그림
2010,1,"서구, 실내공기 오염도 측정 서비스"
2010,1,"서구, 실내공기 오염도 측정 서비스"
2010,1,"서구, 실내공기 오염도 측정 서비스"
2010,1,"서구, 실내공기 오염도 측정 서비스"
2010,1,"서구, 실내공기 오염도 측정 서비스"
2010,1,"서구, 실내공기 오염도 측정 서비스"
2010,1,"서구, 실내공기 오염도 측정 서비스"
2010,1,"서구, 실내공기 오염도 측정 서비스"
2010,1,부산 '석면피해'근원적 안전관리 방안 마련
2010,1,“친환경，규제로만 되나 사람의 마음 움직여라”
2010,1,“친환경，규제로만 되나 사람의 마음 움직여라”
2010,1,“친환경，규제로만 되나 사람의 마음 움직여라”
2010,1,“친환경，규제로만 되나 사람의 마음 움직여라”
2010,1,“친환경，규제로만 되나 사람의 마음 움직여라”
2010,1,“친환경，규제로만 되나 사람의 마음 움직여라”
2010,1,“친환경，규제로만 되나 사람의 마음 움직여라”
2010,1,“친환경，규제로만 되나 사람의 마음 움직여라”
2010,1,&lt;연합시론&gt; `환경지수 OECD 꼴찌' 새겨들어야
2010,1,"기후변화, 법원 판결로 큰 획 그어질 듯"
2010,1,"기후변화, 법원 판결로 큰 획 그어질 듯"
2010,1,"기후변화, 법원 판결로 큰 획 그어질 듯"
2010,1,"기후변화, 법원 판결로 큰 획 그어질 듯"
2010,1,"기후변화, 법원 판결로 큰 획 그어질 듯"
2010,1,"기후변화, 법원 판결로 큰 획 그어질 듯"
2010,1,"기후변화, 법원 판결로 큰 획 그어질 듯"
2010,1,"기후변화, 법원 판결로 큰 획 그어질 듯"
년도,월,제목
2010,1,강변북로 양화~원효대교 구간에 지하터널
2010,1,강변북로 양화~원효대교 구간에 지하터널
2010,1,강변북로 양화~원효대교 구간에 지하터널
2010,1,강변북로 양화~원효대교 구간에 지하터널
2010,1,강변북로 양화~원효대교 구간에 지하터널
2010,1,강변북로 양화~원효대교 구간에 지하터널
2010,1,강변북로 양화~원효대교 구간에 지하터널
2010,1,강변북로 양화~원효대교 구간에 지하터널
2010,1,강변북로 양화~원효대교 구간에 지하터널
2010,1,새해 아침에 대나무에 쌓인 눈
2010,1,하루종일 오려나
2010,1,세계 최대 전자쇼 美‘CES’ 7일 개막
2010,1,세계 최대 전자쇼 美‘CES’ 7일 개막
2010,1,세계 최대 전자쇼 美‘CES’ 7일 개막
2010,1,세계 최대 전자쇼 美‘CES’ 7일 개막
2010,1,세계 최대 전자쇼 美‘CES’ 7일 개막
2010,1,세계 최대 전자쇼 美‘CES’ 7일 개막
2010,1,세계 최대 전자쇼 美‘CES’ 7일 개막
2010,1,잠자는 오리들
2010,1,남강댐 물 부산공급 사업 백지화투쟁 확산 조짐
2010,1,남강댐 물 부산공급 사업 백지화투쟁 확산 조짐
2010,1,남강댐 물 부산공급 사업 백지화투쟁 확산 조짐
2010,1,남강댐 물 부산공급 사업 백지화투쟁 확산 조짐
2010,1,남강댐 물 부산공급 사업 백지화투쟁 확산 조짐
2010,1,남강댐 물 부산공급 사업 백지화투쟁 확산 조짐
2010,1,남강댐 물 부산공급 사업 백지화투쟁 확산 조짐
2010,1,남강댐 물 부산공급 사업 백지화투쟁 확산 조짐
2010,1,[날씨_5일(화)] 손이 꽁꽁 발이 꽁꽁
2010,1,호수공원 찾은 시민들
2010,1,새하얀 호수공원
2010,1,구중심처의 아름다운 설경
2010,1,퇴근길 빙판길 사고현장
2010,1,전북지역 대설주의보 해제
2010,1,간월재에 내리는 눈
2010,1,사람의 힘으로 역부족
2010,1,눈내리는 동대문
2010,1,공항·도로·항만 점차 제기능 회복
2010,1,흰 눈밭에 남겨진 나무그림자
2010,1,설경이 아름다운 노을공원
2010,1,녹기전에
2010,1,출근길 조심조심
2010,1,강추위에 얼어붙은 인천공항
2010,1,설국으로 변한 운현궁
2010,1,지구촌 북반구 겨울 ‘이상 한파’
2010,1,전북 전역 0시 대설주의보
2010,1,대산항 기름유출량 1천ℓ 넘는 듯
2010,1,각종 곤충 한자리에
2010,1,고창 등 전북 5개 시.군 07시 대설특보 해제
2010,1,'온난화+엘니뇨'의 반격… 눈 폭탄은 서막
2010,1,'온난화+엘니뇨'의 반격… 눈 폭탄은 서막
2010,1,'온난화+엘니뇨'의 반격… 눈 폭탄은 서막
2010,1,'온난화+엘니뇨'의 반격… 눈 폭탄은 서막
2010,1,'온난화+엘니뇨'의 반격… 눈 폭탄은 서막
2010,1,'온난화+엘니뇨'의 반격… 눈 폭탄은 서막
2010,1,얼음 깨며 미나리 수확
2010,1,중앙환경분쟁조정위원장에 김원민씨
2010,1,"제주, 구름 많고 가끔 눈…당분간 추워"
2010,1,친환경 '국산차 &gt; 수입차'
2010,1,친환경 '국산차 &gt; 수입차'
2010,1,친환경 '국산차 &gt; 수입차'
2010,1,친환경 '국산차 &gt; 수입차'
2010,1,친환경 '국산차 &gt; 수입차'
2010,1,친환경 '국산차 &gt; 수입차'
2010,1,청둥오리와 나란히
2010,1,&lt;오늘날씨&gt; 한파 계속…서울 아침 -12도
2010,1,&lt;오늘날씨&gt; 한파 계속…서울 아침 -12도
2010,1,&lt;오늘날씨&gt; 한파 계속…서울 아침 -12도
2010,1,&lt;오늘날씨&gt; 한파 계속…서울 아침 -12도
2010,1,&lt;오늘날씨&gt; 한파 계속…서울 아침 -12도
2010,1,&lt;오늘날씨&gt; 한파 계속…서울 아침 -12도
2010,1,&lt;오늘날씨&gt; 한파 계속…서울 아침 -12도
2010,1,&lt;오늘날씨&gt; 한파 계속…서울 아침 -12도
2010,1,"북극해 위성사진, 융화속도 충격"
2010,1,"북극해 위성사진, 융화속도 충격"
2010,1,"북극해 위성사진, 융화속도 충격"
2010,1,"북극해 위성사진, 융화속도 충격"
2010,1,"북극해 위성사진, 융화속도 충격"
2010,1,"북극해 위성사진, 융화속도 충격"
2010,1,"북극해 위성사진, 융화속도 충격"
2010,1,"북극해 위성사진, 융화속도 충격"
2010,1,"북극해 위성사진, 융화속도 충격"
2010,1,제철 만난 '노르딕워킹'
2010,1,고드름이 있는 인사동 거리
2010,1,시련과 고통을 이기고
2010,1,10일 전국 포근…모레 다시 추워져
2010,1,10일 전국 포근…모레 다시 추워져
2010,1,10일 전국 포근…모레 다시 추워져
2010,1,10일 전국 포근…모레 다시 추워져
2010,1,10일 전국 포근…모레 다시 추워져
2010,1,10일 전국 포근…모레 다시 추워져
2010,1,"산림청, '녹색강국 실현 릴레이 토론회'"
2010,1,"환경단체, 굴업도 생태보존 표지판 설치"
2010,1,"환경단체, 굴업도 생태보존 표지판 설치"
2010,1,"환경단체, 굴업도 생태보존 표지판 설치"
2010,1,"환경단체, 굴업도 생태보존 표지판 설치"
2010,1,"환경단체, 굴업도 생태보존 표지판 설치"
2010,1,"환경단체, 굴업도 생태보존 표지판 설치"
2010,1,"환경단체, 굴업도 생태보존 표지판 설치"
2010,1,"환경단체, 굴업도 생태보존 표지판 설치"
2010,1,말똥가리의 날갯짓
2010,1,"영산강청, 수질개선 국비 3200억 투자"
2010,1,"경칩 19일 전에 '개굴개굴', 소설 한참 지나 '소복소복'"
2010,1,"경칩 19일 전에 '개굴개굴', 소설 한참 지나 '소복소복'"
2010,1,"경칩 19일 전에 '개굴개굴', 소설 한참 지나 '소복소복'"
2010,1,"경칩 19일 전에 '개굴개굴', 소설 한참 지나 '소복소복'"
2010,1,"경칩 19일 전에 '개굴개굴', 소설 한참 지나 '소복소복'"
2010,1,"경칩 19일 전에 '개굴개굴', 소설 한참 지나 '소복소복'"
2010,1,"경칩 19일 전에 '개굴개굴', 소설 한참 지나 '소복소복'"
2010,1,얼어붙은 오리의 꿈
2010,1,합천 보 방문한 이만의 장관
2010,1,강추위에 움츠린 시민들
2010,1,버스를 기다리는 시민들
2010,1,전북 대설특보 속 많은 눈…고창 15.5㎝
2010,1,"서울시, 물관리 無대책"
2010,1,"서울시, 물관리 無대책"
2010,1,"서울시, 물관리 無대책"
2010,1,"서울시, 물관리 無대책"
2010,1,한강 누드 남녀
2010,1,트럭은 밤에도 꼬리 물고 골재는 ‘공동묘지’
2010,1,"""홍어야 어디 숨었니"" 인공위성으로 경로 추적"
2010,1,"""홍어야 어디 숨었니"" 인공위성으로 경로 추적"
2010,1,"""홍어야 어디 숨었니"" 인공위성으로 경로 추적"
2010,1,"""홍어야 어디 숨었니"" 인공위성으로 경로 추적"
2010,1,"""홍어야 어디 숨었니"" 인공위성으로 경로 추적"
2010,1,"""홍어야 어디 숨었니"" 인공위성으로 경로 추적"
2010,1,"""홍어야 어디 숨었니"" 인공위성으로 경로 추적"
2010,1,먹이 찾아 입에 문 동고비
2010,1,또 눈발 날리는 서울
2010,1,헉! 보육시설 4곳중 1곳서 농약 살충제
2010,1,헉! 보육시설 4곳중 1곳서 농약 살충제
2010,1,헉! 보육시설 4곳중 1곳서 농약 살충제
2010,1,헉! 보육시설 4곳중 1곳서 농약 살충제
2010,1,헉! 보육시설 4곳중 1곳서 농약 살충제
2010,1,헉! 보육시설 4곳중 1곳서 농약 살충제
2010,1,헉! 보육시설 4곳중 1곳서 농약 살충제
2010,1,청계천에서 느끼는 겨울
2010,1,"주말 대전·충남, 포근해"
2010,1,16일 낮부터 '포근'
2010,1,16일 낮부터 '포근'
2010,1,16일 낮부터 '포근'
2010,1,16일 낮부터 '포근'
2010,1,16일 낮부터 '포근'
2010,1,16일 낮부터 '포근'
2010,1,16일 낮부터 '포근'
2010,1,호주 최고 스노위마운틴을 눈처럼 하얗게 뒤덮은 고산목
2010,1,휴일 대구경북 '포근'
2010,1,휴일 대구경북 '포근'
2010,1,휴일 대구경북 '포근'
2010,1,휴일 대구경북 '포근'
2010,1,휴일 대구경북 '포근'
2010,1,휴일 대구경북 '포근'
2010,1,휴일 대구경북 '포근'
2010,1,휴일 대구경북 '포근'
2010,1,잡은 고기 놓칠라!
2010,1,"산청군, 경호강 '꽁꽁'"
2010,1,필요를 넘어 꿈을 닮아가는 집
2010,1,필요를 넘어 꿈을 닮아가는 집
2010,1,필요를 넘어 꿈을 닮아가는 집
2010,1,필요를 넘어 꿈을 닮아가는 집
2010,1,필요를 넘어 꿈을 닮아가는 집
2010,1,필요를 넘어 꿈을 닮아가는 집
2010,1,필요를 넘어 꿈을 닮아가는 집
2010,1,내리는 비를 맞으며
2010,1,청계천 철새보호지역의 겨울 철새들
2010,1,"현대엘리, 기계식 자전거 주차설비 수주"
2010,1,"따롄, 주변 60해리 유빙재해 비상"
2010,1,"따롄, 주변 60해리 유빙재해 비상"
2010,1,"따롄, 주변 60해리 유빙재해 비상"
2010,1,"따롄, 주변 60해리 유빙재해 비상"
2010,1,"따롄, 주변 60해리 유빙재해 비상"
2010,1,"따롄, 주변 60해리 유빙재해 비상"
2010,1,안개 속의 겨울 공원
2010,1,안개 낀 천변에서
2010,1,안개 속 조심 조심...
2010,1,대구경북 겨울비…비 그치면 추위
2010,1,한반도 지진 불감증… 아이티 '강 건너 불' 아니다
2010,1,한반도 지진 불감증… 아이티 '강 건너 불' 아니다
2010,1,한반도 지진 불감증… 아이티 '강 건너 불' 아니다
2010,1,한반도 지진 불감증… 아이티 '강 건너 불' 아니다
2010,1,한반도 지진 불감증… 아이티 '강 건너 불' 아니다
2010,1,경북에 산양 18개체 서식 확인
2010,1,다시 찾아 온 반짝추위
2010,1,"독일, 이스탄불에 아이티급 대지진 경고"
2010,1,"독일, 이스탄불에 아이티급 대지진 경고"
2010,1,"독일, 이스탄불에 아이티급 대지진 경고"
2010,1,"독일, 이스탄불에 아이티급 대지진 경고"
2010,1,"독일, 이스탄불에 아이티급 대지진 경고"
2010,1,"독일, 이스탄불에 아이티급 대지진 경고"
2010,1,"독일, 이스탄불에 아이티급 대지진 경고"
2010,1,"""G20회의서 '세계녹색펀드' 제안할 것"""
2010,1,[날씨_22일(금)] 동장군 다시 기세
2010,1,[날씨_22일(금)] 동장군 다시 기세
2010,1,[날씨_22일(금)] 동장군 다시 기세
2010,1,[날씨_22일(금)] 동장군 다시 기세
2010,1,[날씨_22일(금)] 동장군 다시 기세
2010,1,[날씨_22일(금)] 동장군 다시 기세
2010,1,[날씨_22일(금)] 동장군 다시 기세
2010,1,[날씨_22일(금)] 동장군 다시 기세
2010,1,겨울공기 마시며 산책하는 시민들
2010,1,23일 중부 지방 '꽁꽁'…서울 -10도
2010,1,23일 중부 지방 '꽁꽁'…서울 -10도
2010,1,23일 중부 지방 '꽁꽁'…서울 -10도
2010,1,23일 중부 지방 '꽁꽁'…서울 -10도
2010,1,23일 중부 지방 '꽁꽁'…서울 -10도
2010,1,23일 중부 지방 '꽁꽁'…서울 -10도
2010,1,23일 중부 지방 '꽁꽁'…서울 -10도
2010,1,23일 중부 지방 '꽁꽁'…서울 -10도
2010,1,남덕유산 삿갓봉 정상 눈꽃으로 유혹
2010,1,"사르코지 ""기후변화 논의 G28 월례회의 열자"""
2010,1,"사르코지 ""기후변화 논의 G28 월례회의 열자"""
2010,1,"사르코지 ""기후변화 논의 G28 월례회의 열자"""
2010,1,"사르코지 ""기후변화 논의 G28 월례회의 열자"""
2010,1,"사르코지 ""기후변화 논의 G28 월례회의 열자"""
2010,1,"사르코지 ""기후변화 논의 G28 월례회의 열자"""
2010,1,"사르코지 ""기후변화 논의 G28 월례회의 열자"""
2010,1,"사르코지 ""기후변화 논의 G28 월례회의 열자"""
2010,1,서해남부 먼바다 08시 풍랑주의보
2010,1,안산 갈대습지에 희귀조류 월동
2010,1,안산 갈대습지에 희귀조류 월동
2010,1,안산 갈대습지에 희귀조류 월동
2010,1,안산 갈대습지에 희귀조류 월동
2010,1,안산 갈대습지에 희귀조류 월동
2010,1,안산 갈대습지에 희귀조류 월동
2010,1,안산 갈대습지에 희귀조류 월동
2010,1,안산 갈대습지에 희귀조류 월동
2010,1,아침 햇살이 그려낸 한폭의 그림
2010,1,"서구, 실내공기 오염도 측정 서비스"
2010,1,"서구, 실내공기 오염도 측정 서비스"
2010,1,"서구, 실내공기 오염도 측정 서비스"
2010,1,"서구, 실내공기 오염도 측정 서비스"
2010,1,"서구, 실내공기 오염도 측정 서비스"
2010,1,"서구, 실내공기 오염도 측정 서비스"
2010,1,"서구, 실내공기 오염도 측정 서비스"
2010,1,"서구, 실내공기 오염도 측정 서비스"
2010,1,부산 '석면피해'근원적 안전관리 방안 마련
2010,1,“친환경，규제로만 되나 사람의 마음 움직여라”
2010,1,“친환경，규제로만 되나 사람의 마음 움직여라”
2010,1,“친환경，규제로만 되나 사람의 마음 움직여라”
2010,1,“친환경，규제로만 되나 사람의 마음 움직여라”
2010,1,“친환경，규제로만 되나 사람의 마음 움직여라”
2010,1,“친환경，규제로만 되나 사람의 마음 움직여라”
2010,1,“친환경，규제로만 되나 사람의 마음 움직여라”
2010,1,“친환경，규제로만 되나 사람의 마음 움직여라”
2010,1,&lt;연합시론&gt; `환경지수 OECD 꼴찌' 새겨들어야
2010,1,"기후변화, 법원 판결로 큰 획 그어질 듯"
2010,1,"기후변화, 법원 판결로 큰 획 그어질 듯"
2010,1,"기후변화, 법원 판결로 큰 획 그어질 듯"
2010,1,"기후변화, 법원 판결로 큰 획 그어질 듯"
2010,1,"기후변화, 법원 판결로 큰 획 그어질 듯"
2010,1,"기후변화, 법원 판결로 큰 획 그어질 듯"
2010,1,"기후변화, 법원 판결로 큰 획 그어질 듯"
2010,1,"기후변화, 법원 판결로 큰 획 그어질 듯"
년도,월,제목
2010,2,김해 화포천 습지 겨울전경
2010,2,"제주, 흐리고 비…다소 쌀쌀"
2010,2,"제주, 흐리고 비…다소 쌀쌀"
2010,2,"제주, 흐리고 비…다소 쌀쌀"
2010,2,"제주, 흐리고 비…다소 쌀쌀"
2010,2,"제주, 흐리고 비…다소 쌀쌀"
2010,2,"제주, 흐리고 비…다소 쌀쌀"
2010,2,"제주, 흐리고 비…다소 쌀쌀"
2010,2,"제주, 흐리고 비…다소 쌀쌀"
2010,2,'음식물쓰레기 종량제' 2012년까지 전국 확대
2010,2,체감온도'뚝'~바람'쌩쌩'…대구경북
2010,2,체감온도'뚝'~바람'쌩쌩'…대구경북
2010,2,체감온도'뚝'~바람'쌩쌩'…대구경북
2010,2,체감온도'뚝'~바람'쌩쌩'…대구경북
2010,2,체감온도'뚝'~바람'쌩쌩'…대구경북
2010,2,체감온도'뚝'~바람'쌩쌩'…대구경북
2010,2,체감온도'뚝'~바람'쌩쌩'…대구경북
2010,2,체감온도'뚝'~바람'쌩쌩'…대구경북
2010,2,"코레일 부경본부, 녹색생활 실천운동 발대"
2010,2,추운데 뛰자!
2010,2,[환경에세이]온실가스는 명백한 오염물질
2010,2,[환경에세이]온실가스는 명백한 오염물질
2010,2,[환경에세이]온실가스는 명백한 오염물질
2010,2,[환경에세이]온실가스는 명백한 오염물질
2010,2,[환경에세이]온실가스는 명백한 오염물질
2010,2,[환경에세이]온실가스는 명백한 오염물질
2010,2,[환경에세이]온실가스는 명백한 오염물질
2010,2,청계천 서식 동식물-어류 '돌고기'
2010,2,청계천 서식 동식물-조류 '왜가리
2010,2,낙동강 준설 오염 퇴적층 ‘발암물질’ 논란
2010,2,입춘 강추위 속 봄기운은 '솔솔'
2010,2,경기북부 추위 계속..연천 영하 14도
2010,2,경기북부 추위 계속..연천 영하 14도
2010,2,경기북부 추위 계속..연천 영하 14도
2010,2,경기북부 추위 계속..연천 영하 14도
2010,2,경기북부 추위 계속..연천 영하 14도
2010,2,가로·조경수 상록활엽수로 바꿔 인천 ‘4계절 푸른도시’로 만든다
2010,2,송도갯벌 지키기 어민들도 나섰다
2010,2,송도갯벌 지키기 어민들도 나섰다
2010,2,송도갯벌 지키기 어민들도 나섰다
2010,2,송도갯벌 지키기 어민들도 나섰다
2010,2,송도갯벌 지키기 어민들도 나섰다
2010,2,송도갯벌 지키기 어민들도 나섰다
2010,2,송도갯벌 지키기 어민들도 나섰다
2010,2,송도갯벌 지키기 어민들도 나섰다
2010,2,경기북부 아침 강추위..낮부터 풀려
2010,2,추위 낮부터 한풀 꺽인다
2010,2,추위 낮부터 한풀 꺽인다
2010,2,추위 낮부터 한풀 꺽인다
2010,2,추위 낮부터 한풀 꺽인다
2010,2,추위 낮부터 한풀 꺽인다
2010,2,추위 낮부터 한풀 꺽인다
2010,2,추위 낮부터 한풀 꺽인다
2010,2,추위 낮부터 한풀 꺽인다
2010,2,수중생물도 봄이 기다려진다!
2010,2,청계천에 흐르는 겨울
2010,2,"현대.기아, 시카고 모터쇼에 `플러그인' 출품"
2010,2,"현대.기아, 시카고 모터쇼에 `플러그인' 출품"
2010,2,"현대.기아, 시카고 모터쇼에 `플러그인' 출품"
2010,2,"현대.기아, 시카고 모터쇼에 `플러그인' 출품"
2010,2,"현대.기아, 시카고 모터쇼에 `플러그인' 출품"
2010,2,"현대.기아, 시카고 모터쇼에 `플러그인' 출품"
2010,2,"현대.기아, 시카고 모터쇼에 `플러그인' 출품"
2010,2,&lt;환경&gt; 북극 얼음 녹아 2조4천억달러 손실
2010,2,"파차우리 IPCC 의장, 소설가 데뷔"
2010,2,"파차우리 IPCC 의장, 소설가 데뷔"
2010,2,"파차우리 IPCC 의장, 소설가 데뷔"
2010,2,"파차우리 IPCC 의장, 소설가 데뷔"
2010,2,"파차우리 IPCC 의장, 소설가 데뷔"
2010,2,"파차우리 IPCC 의장, 소설가 데뷔"
2010,2,"파차우리 IPCC 의장, 소설가 데뷔"
2010,2,"파차우리 IPCC 의장, 소설가 데뷔"
2010,2,봄을 재촉하는 단비
2010,2,"中 호랑이, 남아프리카 야생훈련 마치고 귀국"
2010,2,"中 호랑이, 남아프리카 야생훈련 마치고 귀국"
2010,2,"中 호랑이, 남아프리카 야생훈련 마치고 귀국"
2010,2,"中 호랑이, 남아프리카 야생훈련 마치고 귀국"
2010,2,"中 호랑이, 남아프리카 야생훈련 마치고 귀국"
2010,2,"中 호랑이, 남아프리카 야생훈련 마치고 귀국"
2010,2,"中 호랑이, 남아프리카 야생훈련 마치고 귀국"
2010,2,"中 호랑이, 남아프리카 야생훈련 마치고 귀국"
2010,2,비구름과 안개에 둘러싸인 여의도 마천루
2010,2,"""서울도 큰 지진 날 수 있나…"" 주민들 불안"
2010,2,"""서울도 큰 지진 날 수 있나…"" 주민들 불안"
2010,2,"""서울도 큰 지진 날 수 있나…"" 주민들 불안"
2010,2,"""서울도 큰 지진 날 수 있나…"" 주민들 불안"
2010,2,"""서울도 큰 지진 날 수 있나…"" 주민들 불안"
2010,2,"""서울도 큰 지진 날 수 있나…"" 주민들 불안"
2010,2,"""서울도 큰 지진 날 수 있나…"" 주민들 불안"
2010,2,"""서울도 큰 지진 날 수 있나…"" 주민들 불안"
2010,2,입춘 지난 대설
2010,2,눈 내릴땐 대중교통을
2010,2,꽁꽁언 서울
2010,2,부암동 동사무소 직원들의 이른아침 제설작업
2010,2,올겨울 변덕날씨는 '엘니뇨 모도키' 탓
2010,2,올겨울 변덕날씨는 '엘니뇨 모도키' 탓
2010,2,올겨울 변덕날씨는 '엘니뇨 모도키' 탓
2010,2,올겨울 변덕날씨는 '엘니뇨 모도키' 탓
2010,2,올겨울 변덕날씨는 '엘니뇨 모도키' 탓
2010,2,"브뤼셀 사상 최악의 정체, 차량 936km 장사진"
2010,2,“지리산 죽이는 지리산댐 추진 안돼”
2010,2,“지리산 죽이는 지리산댐 추진 안돼”
2010,2,“지리산 죽이는 지리산댐 추진 안돼”
2010,2,“지리산 죽이는 지리산댐 추진 안돼”
2010,2,“지리산 죽이는 지리산댐 추진 안돼”
2010,2,“지리산 죽이는 지리산댐 추진 안돼”
2010,2,“지리산 죽이는 지리산댐 추진 안돼”
2010,2,“지리산 죽이는 지리산댐 추진 안돼”
2010,2,눈옷 입은 나무
2010,2,강원 원주.횡성.홍천 0시 대설주의보
2010,2,강원 원주.횡성.홍천 0시 대설주의보
2010,2,강원 원주.횡성.홍천 0시 대설주의보
2010,2,강원 원주.횡성.홍천 0시 대설주의보
2010,2,강원 원주.횡성.홍천 0시 대설주의보
2010,2,강원 원주.횡성.홍천 0시 대설주의보
2010,2,강원 원주.횡성.홍천 0시 대설주의보
2010,2,강원 원주.횡성.홍천 0시 대설주의보
2010,2,전국 대설특보 10시30분 대부분 해제
2010,2,전국 대설특보 10시30분 대부분 해제
2010,2,전국 대설특보 10시30분 대부분 해제
2010,2,전국 대설특보 10시30분 대부분 해제
2010,2,전국 대설특보 10시30분 대부분 해제
2010,2,전국 대설특보 10시30분 대부분 해제
2010,2,전국 대설특보 10시30분 대부분 해제
2010,2,전국 대설특보 10시30분 대부분 해제
2010,2,전국 대설특보 10시30분 대부분 해제
2010,2,양구지역 폭설 공무원들 비상근무
2010,2,양구지역 폭설 공무원들 비상근무
2010,2,양구지역 폭설 공무원들 비상근무
2010,2,양구지역 폭설 공무원들 비상근무
2010,2,양구지역 폭설 공무원들 비상근무
2010,2,양구지역 폭설 공무원들 비상근무
2010,2,양구지역 폭설 공무원들 비상근무
2010,2,양구지역 폭설 공무원들 비상근무
2010,2,양구지역 폭설 공무원들 비상근무
2010,2,녹는 눈 사이로 크는 풀잎
2010,2,동해시·삼척시 대설경보 발효
2010,2,동해시·삼척시 대설경보 발효
2010,2,동해시·삼척시 대설경보 발효
2010,2,동해시·삼척시 대설경보 발효
2010,2,동해시·삼척시 대설경보 발효
2010,2,동해시·삼척시 대설경보 발효
2010,2,동해시·삼척시 대설경보 발효
2010,2,동해시·삼척시 대설경보 발효
2010,2,눈 속에서 피어나는 버섯의 새봄맞이 움직임
2010,2,[환경에세이]美 소년을 자살로 몰고간 환경호르몬
2010,2,[환경에세이]美 소년을 자살로 몰고간 환경호르몬
2010,2,[환경에세이]美 소년을 자살로 몰고간 환경호르몬
2010,2,[환경에세이]美 소년을 자살로 몰고간 환경호르몬
2010,2,[환경에세이]美 소년을 자살로 몰고간 환경호르몬
2010,2,[환경에세이]美 소년을 자살로 몰고간 환경호르몬
2010,2,[환경에세이]美 소년을 자살로 몰고간 환경호르몬
2010,2,[환경에세이]美 소년을 자살로 몰고간 환경호르몬
2010,2,먹이먹는 재두루미
2010,2,우수 하루 앞둔 운현궁의 아침
2010,2,수도권 밤새 눈… 출근길 빙판 주의
2010,2,수도권 밤새 눈… 출근길 빙판 주의
2010,2,수도권 밤새 눈… 출근길 빙판 주의
2010,2,수도권 밤새 눈… 출근길 빙판 주의
2010,2,수도권 밤새 눈… 출근길 빙판 주의
2010,2,수도권 밤새 눈… 출근길 빙판 주의
2010,2,수도권 밤새 눈… 출근길 빙판 주의
2010,2,'올 겨울 눈내리는 날 많다' 지난겨울 대비 30~40%증가
2010,2,"광주·전남 곳곳에 눈발, 기온도 영하권"
2010,2,유엔 기후변화협약 사무총장 사의(종합)
2010,2,유엔 기후변화협약 사무총장 사의(종합)
2010,2,유엔 기후변화협약 사무총장 사의(종합)
2010,2,유엔 기후변화협약 사무총장 사의(종합)
2010,2,유엔 기후변화협약 사무총장 사의(종합)
2010,2,유엔 기후변화협약 사무총장 사의(종합)
2010,2,유엔 기후변화협약 사무총장 사의(종합)
2010,2,대구 앞산공원서 때죽나무 연리지 발견
2010,2,대구 앞산공원서 때죽나무 연리지 발견
2010,2,대구 앞산공원서 때죽나무 연리지 발견
2010,2,대구 앞산공원서 때죽나무 연리지 발견
2010,2,대구 앞산공원서 때죽나무 연리지 발견
2010,2,대구 앞산공원서 때죽나무 연리지 발견
2010,2,대구 앞산공원서 때죽나무 연리지 발견
2010,2,대구 앞산공원서 때죽나무 연리지 발견
2010,2,대구 앞산공원서 때죽나무 연리지 발견
2010,2,"전북, 2월 세째주 주말 '포근'…낮 최고 11도"
2010,2,"전북, 2월 세째주 주말 '포근'…낮 최고 11도"
2010,2,"전북, 2월 세째주 주말 '포근'…낮 최고 11도"
2010,2,"전북, 2월 세째주 주말 '포근'…낮 최고 11도"
2010,2,"전북, 2월 세째주 주말 '포근'…낮 최고 11도"
2010,2,"전북, 2월 세째주 주말 '포근'…낮 최고 11도"
2010,2,"전북, 2월 세째주 주말 '포근'…낮 최고 11도"
2010,2,"전북, 2월 세째주 주말 '포근'…낮 최고 11도"
2010,2,"전북, 2월 세째주 주말 '포근'…낮 최고 11도"
2010,2,"부산, 완치된 독수리 등 '위성발신기'달고 ""비상"""
2010,2,&lt;오늘날씨&gt; 흐리고 포근…서울 낮최고 10도
2010,2,&lt;오늘날씨&gt; 흐리고 포근…서울 낮최고 10도
2010,2,&lt;오늘날씨&gt; 흐리고 포근…서울 낮최고 10도
2010,2,&lt;오늘날씨&gt; 흐리고 포근…서울 낮최고 10도
2010,2,&lt;오늘날씨&gt; 흐리고 포근…서울 낮최고 10도
2010,2,&lt;오늘날씨&gt; 흐리고 포근…서울 낮최고 10도
2010,2,&lt;오늘날씨&gt; 흐리고 포근…서울 낮최고 10도
2010,2,&lt;오늘날씨&gt; 흐리고 포근…서울 낮최고 10도
2010,2,&lt;연합시론&gt; 첫 탄소중립 결혼식이 시선을 끄는 이유
2010,2,철새이동경로 파트너십 회의 개최
2010,2,골프장 반대… 전국 시민모임 내달 발족
2010,2,골프장 반대… 전국 시민모임 내달 발족
2010,2,골프장 반대… 전국 시민모임 내달 발족
2010,2,골프장 반대… 전국 시민모임 내달 발족
2010,2,골프장 반대… 전국 시민모임 내달 발족
2010,2,골프장 반대… 전국 시민모임 내달 발족
2010,2,골프장 반대… 전국 시민모임 내달 발족
2010,2,밤부터 비교적 큰비…모레까지 최고 100mm
2010,2,"서울시, 환경영향평가 온라인화…평가기간 단축"
2010,2,폭설·한파로 골프장 ‘울상’
2010,2,폭설·한파로 골프장 ‘울상’
2010,2,폭설·한파로 골프장 ‘울상’
2010,2,폭설·한파로 골프장 ‘울상’
2010,2,폭설·한파로 골프장 ‘울상’
2010,2,폭설·한파로 골프장 ‘울상’
2010,2,폭설·한파로 골프장 ‘울상’
2010,2,대전 40㎜·부여 45.5㎜…26일까지 최대 30㎜ 더 내려
2010,2,대구·경북 비…20~50㎜
2010,2,전남 13개 시·군에 강풍특보 발령
2010,2,전남 13개 시·군에 강풍특보 발령
2010,2,전남 13개 시·군에 강풍특보 발령
2010,2,전남 13개 시·군에 강풍특보 발령
2010,2,전남 13개 시·군에 강풍특보 발령
2010,2,전남 13개 시·군에 강풍특보 발령
2010,2,전남 13개 시·군에 강풍특보 발령
2010,2,대룡산에 잔뜩 낀 구름
2010,2,‘녹지축 지키기’ 시민의 힘 모은다
2010,2,‘녹지축 지키기’ 시민의 힘 모은다
2010,2,‘녹지축 지키기’ 시민의 힘 모은다
2010,2,‘녹지축 지키기’ 시민의 힘 모은다
2010,2,‘녹지축 지키기’ 시민의 힘 모은다
2010,2,‘녹지축 지키기’ 시민의 힘 모은다
2010,2,‘녹지축 지키기’ 시민의 힘 모은다
2010,2,‘녹지축 지키기’ 시민의 힘 모은다
2010,2,[2010밴쿠버] '연아언니 축하' 꿈나무들의 세리머니
2010,2,[2010밴쿠버] '연아언니 축하' 꿈나무들의 세리머니
2010,2,[2010밴쿠버] '연아언니 축하' 꿈나무들의 세리머니
2010,2,[2010밴쿠버] '연아언니 축하' 꿈나무들의 세리머니
2010,2,[2010밴쿠버] '연아언니 축하' 꿈나무들의 세리머니
2010,2,[2010밴쿠버] '연아언니 축하' 꿈나무들의 세리머니
2010,2,[2010밴쿠버] '연아언니 축하' 꿈나무들의 세리머니
2010,2,[2010밴쿠버] '연아언니 축하' 꿈나무들의 세리머니
2010,2,[2010밴쿠버] '연아언니 축하' 꿈나무들의 세리머니
2010,2,KTX-Ⅱ의 새 이름 'KTX-산천'
2010,2,KTX-Ⅱ의 새 이름 'KTX-산천'
2010,2,KTX-Ⅱ의 새 이름 'KTX-산천'
2010,2,KTX-Ⅱ의 새 이름 'KTX-산천'
2010,2,KTX-Ⅱ의 새 이름 'KTX-산천'
2010,2,KTX-Ⅱ의 새 이름 'KTX-산천'
2010,2,KTX-Ⅱ의 새 이름 'KTX-산천'
2010,2,KTX-Ⅱ의 새 이름 'KTX-산천'
2010,2,KTX-Ⅱ의 새 이름 'KTX-산천'
년도,월,제목
2010,3,하얀 서울
2010,3,강원 강릉.속초 등 7개 산간지역 대설경보
2010,3,“4대강사업 강행땐 생물 다양성 붕괴”
2010,3,“4대강사업 강행땐 생물 다양성 붕괴”
2010,3,“4대강사업 강행땐 생물 다양성 붕괴”
2010,3,“4대강사업 강행땐 생물 다양성 붕괴”
2010,3,“4대강사업 강행땐 생물 다양성 붕괴”
2010,3,“4대강사업 강행땐 생물 다양성 붕괴”
2010,3,“4대강사업 강행땐 생물 다양성 붕괴”
2010,3,부산에 전국 첫 반려동물 번식센터 설립
2010,3,한걸음 한걸음마다 담은 ‘녹지축 수호’ 시민 염원
2010,3,대구경북 구름많은 흐린날씨
2010,3,대구경북 구름많은 흐린날씨
2010,3,대구경북 구름많은 흐린날씨
2010,3,대구경북 구름많은 흐린날씨
2010,3,대구경북 구름많은 흐린날씨
2010,3,대구경북 구름많은 흐린날씨
2010,3,대구경북 구름많은 흐린날씨
2010,3,"경주마의 봄, 수영으로 스타트"
2010,3,신림~여의도 경전철 우선협상대상자 선정
2010,3,"EU 집행위, 유전자변형 감자 경작 승인"
2010,3,"EU 집행위, 유전자변형 감자 경작 승인"
2010,3,"EU 집행위, 유전자변형 감자 경작 승인"
2010,3,"EU 집행위, 유전자변형 감자 경작 승인"
2010,3,"EU 집행위, 유전자변형 감자 경작 승인"
2010,3,"EU 집행위, 유전자변형 감자 경작 승인"
2010,3,"EU 집행위, 유전자변형 감자 경작 승인"
2010,3,국가기상 슈퍼컴퓨터센터 운영실
2010,3,"'봄철 불청객 황사 대비', 경남도 상황실 운영"
2010,3,[헬로! GREEN/이제는 실천이다]&lt;3부&gt;④ 옥상정원-담쟁이 효과
2010,3,[헬로! GREEN/이제는 실천이다]&lt;3부&gt;④ 옥상정원-담쟁이 효과
2010,3,[헬로! GREEN/이제는 실천이다]&lt;3부&gt;④ 옥상정원-담쟁이 효과
2010,3,[헬로! GREEN/이제는 실천이다]&lt;3부&gt;④ 옥상정원-담쟁이 효과
2010,3,[헬로! GREEN/이제는 실천이다]&lt;3부&gt;④ 옥상정원-담쟁이 효과
2010,3,[헬로! GREEN/이제는 실천이다]&lt;3부&gt;④ 옥상정원-담쟁이 효과
2010,3,[헬로! GREEN/이제는 실천이다]&lt;3부&gt;④ 옥상정원-담쟁이 효과
2010,3,&lt;주말날씨:수도권&gt; 흐리고 日부터 쌀쌀
2010,3,올해 벚꽃 평년보다 6일 일찍 핀다
2010,3,올해 벚꽃 평년보다 6일 일찍 핀다
2010,3,올해 벚꽃 평년보다 6일 일찍 핀다
2010,3,올해 벚꽃 평년보다 6일 일찍 핀다
2010,3,올해 벚꽃 평년보다 6일 일찍 핀다
2010,3,올해 벚꽃 평년보다 6일 일찍 핀다
2010,3,올해 벚꽃 평년보다 6일 일찍 핀다
2010,3,올해 벚꽃 평년보다 6일 일찍 핀다
2010,3,전북 서해 남부 먼바다 5시 풍랑주의보
2010,3,전북 서해남부 먼바다 06시 풍랑주의보
2010,3,전북 서해남부 먼바다 06시 풍랑주의보
2010,3,전북 서해남부 먼바다 06시 풍랑주의보
2010,3,전북 서해남부 먼바다 06시 풍랑주의보
2010,3,전북 서해남부 먼바다 06시 풍랑주의보
2010,3,전북 서해남부 먼바다 06시 풍랑주의보
2010,3,전북 서해남부 먼바다 06시 풍랑주의보
2010,3,전북 서해남부 먼바다 06시 풍랑주의보
2010,3,"지리산 반달곰 또 출산, 복원사업 청신호"
2010,3,서해중부 먼바다 02시 풍랑주의보 해제
2010,3,서해중부 먼바다 02시 풍랑주의보 해제
2010,3,서해중부 먼바다 02시 풍랑주의보 해제
2010,3,서해중부 먼바다 02시 풍랑주의보 해제
2010,3,서해중부 먼바다 02시 풍랑주의보 해제
2010,3,서해중부 먼바다 02시 풍랑주의보 해제
2010,3,서해중부 먼바다 02시 풍랑주의보 해제
2010,3,서해중부 먼바다 02시 풍랑주의보 해제
2010,3,광주 의료폐기물 소각장 추진..주민 갈등
2010,3,춘설 시골마을 풍경
2010,3,[헬로! GREEN/이제는 실천이다]&lt;3부&gt; ⑤ 설거지의 지혜
2010,3,[헬로! GREEN/이제는 실천이다]&lt;3부&gt; ⑤ 설거지의 지혜
2010,3,[헬로! GREEN/이제는 실천이다]&lt;3부&gt; ⑤ 설거지의 지혜
2010,3,[헬로! GREEN/이제는 실천이다]&lt;3부&gt; ⑤ 설거지의 지혜
2010,3,[헬로! GREEN/이제는 실천이다]&lt;3부&gt; ⑤ 설거지의 지혜
2010,3,[헬로! GREEN/이제는 실천이다]&lt;3부&gt; ⑤ 설거지의 지혜
2010,3,[헬로! GREEN/이제는 실천이다]&lt;3부&gt; ⑤ 설거지의 지혜
2010,3,전북 7개 시·군 대설·강풍주의보 발효
2010,3,권병현 유엔 녹색대사 `지구 사막화' 특별 강연
2010,3,"“온실가스감축, 환경부가 맡아야”"
2010,3,강원 영동 나흘째 '폭설'
2010,3,"남아공 ""UNFCCC 사무총장은 우리가.."""
2010,3,홍수 위험 키우는 ‘4대강 사업’
2010,3,홍수 위험 키우는 ‘4대강 사업’
2010,3,홍수 위험 키우는 ‘4대강 사업’
2010,3,홍수 위험 키우는 ‘4대강 사업’
2010,3,영남권 '3월 ‘눈 폭탄'… 출근길 교통대란
2010,3,설국
2010,3,"'유해 동물' 비둘기, 알ㆍ둥지 적극 철거"
2010,3,순백의 하얀 눈 쌓인 독박골
2010,3,한강 고덕ㆍ성내천 등지 생태환경 복원
2010,3,청운공원에서 내려다 본 시내풍경
2010,3,"때 늦은 한파, 항공·선박 운항 '꽁꽁'"
2010,3,부산에도 폭설
2010,3,부산전역 많은 눈 시내주요 도로 교통난 우려
2010,3,폐광 주변 오염 `무방비·무대책·무책임'
2010,3,"유엔 기후변화 보고서, 독립기구 통해 검토"
2010,3,"유엔 기후변화 보고서, 독립기구 통해 검토"
2010,3,"유엔 기후변화 보고서, 독립기구 통해 검토"
2010,3,"유엔 기후변화 보고서, 독립기구 통해 검토"
2010,3,"유엔 기후변화 보고서, 독립기구 통해 검토"
2010,3,"유엔 기후변화 보고서, 독립기구 통해 검토"
2010,3,"유엔 기후변화 보고서, 독립기구 통해 검토"
2010,3,"유엔 기후변화 보고서, 독립기구 통해 검토"
2010,3,국민 60% “온실가스 감축 환경부처가 맡아야”
2010,3,"기상청, 서해에 관측선 띄운다… 오보 개선에 도움 전망"
2010,3,"기상청, 서해에 관측선 띄운다… 오보 개선에 도움 전망"
2010,3,"기상청, 서해에 관측선 띄운다… 오보 개선에 도움 전망"
2010,3,"기상청, 서해에 관측선 띄운다… 오보 개선에 도움 전망"
2010,3,"기상청, 서해에 관측선 띄운다… 오보 개선에 도움 전망"
2010,3,"기상청, 서해에 관측선 띄운다… 오보 개선에 도움 전망"
2010,3,"기상청, 서해에 관측선 띄운다… 오보 개선에 도움 전망"
2010,3,"기상청, 서해에 관측선 띄운다… 오보 개선에 도움 전망"
2010,3,늑대의 반격?..美서 50년만에 사망자
2010,3,"전국 대체로 맑음, 황사 오후부터 약해져"
2010,3,강원 동해안 7개 시.군 강풍경보 해제
2010,3,강원 동해안 7개 시.군 강풍경보 해제
2010,3,강원 동해안 7개 시.군 강풍경보 해제
2010,3,강원 동해안 7개 시.군 강풍경보 해제
2010,3,강원 동해안 7개 시.군 강풍경보 해제
2010,3,강원 동해안 7개 시.군 강풍경보 해제
2010,3,강원 동해안 7개 시.군 강풍경보 해제
2010,3,가시 속에 움트는 봄
2010,3,블루베리꽃 보셨나요?
2010,3,"휴일 대구·경북, 오전 맑다가 오후부터 점차 흐려져"
2010,3,"휴일 대구·경북, 오전 맑다가 오후부터 점차 흐려져"
2010,3,"휴일 대구·경북, 오전 맑다가 오후부터 점차 흐려져"
2010,3,"휴일 대구·경북, 오전 맑다가 오후부터 점차 흐려져"
2010,3,"휴일 대구·경북, 오전 맑다가 오후부터 점차 흐려져"
2010,3,"휴일 대구·경북, 오전 맑다가 오후부터 점차 흐려져"
2010,3,"휴일 대구·경북, 오전 맑다가 오후부터 점차 흐려져"
2010,3,봄비에 빠진 날
2010,3,제주공항 강풍으로 항공기 20편 결항
2010,3,전북지역 다소 강한바람 속 '빗방울'
2010,3,세계 최초 탄소제로 상업용 건물 착공
2010,3,세계 최초 탄소제로 상업용 건물 착공
2010,3,세계 최초 탄소제로 상업용 건물 착공
2010,3,세계 최초 탄소제로 상업용 건물 착공
2010,3,세계 최초 탄소제로 상업용 건물 착공
2010,3,세계 최초 탄소제로 상업용 건물 착공
2010,3,'황사주의보 발령입니다'
2010,3,강원 황사주의보 발효
2010,3,대구·경북 쌀쌀…밤부터 황사 사라져
2010,3,독일 핵폐기장 건설 재추진
2010,3,독일 핵폐기장 건설 재추진
2010,3,독일 핵폐기장 건설 재추진
2010,3,독일 핵폐기장 건설 재추진
2010,3,독일 핵폐기장 건설 재추진
2010,3,독일 핵폐기장 건설 재추진
2010,3,"UAE, 탄소제로도시 규모 축소 검토"
2010,3,'더 코브-슬픈 돌고래의 진실'로 일본 돌고래 사냥 고발한 루이 시호
2010,3,"‘나주’에서 먹는 한라봉, 맛있다고 좋아만 할일 아니다"
2010,3,"대구·경북 밤부터 비, 눈…당분간 쌀쌀"
2010,3,"영국정부, 환경보호 과대광고로 외면"
2010,3,"영국정부, 환경보호 과대광고로 외면"
2010,3,"영국정부, 환경보호 과대광고로 외면"
2010,3,"영국정부, 환경보호 과대광고로 외면"
2010,3,"영국정부, 환경보호 과대광고로 외면"
2010,3,"""4대강 사업은 상당한 피해를 야기할 것""(종합)"
2010,3,“강·습지 대규모 파괴… 4대강 사업 안될 일”
2010,3,인천지역 대설주의보 해제…출근길 교통혼잡 우려
2010,3,인천지역 대설주의보 해제…출근길 교통혼잡 우려
2010,3,인천지역 대설주의보 해제…출근길 교통혼잡 우려
2010,3,인천지역 대설주의보 해제…출근길 교통혼잡 우려
2010,3,인천지역 대설주의보 해제…출근길 교통혼잡 우려
2010,3,인천지역 대설주의보 해제…출근길 교통혼잡 우려
2010,3,인천지역 대설주의보 해제…출근길 교통혼잡 우려
2010,3,"""일본은 포경(捕鯨)을 중단하라!"""
2010,3,독일 교포들도 ‘4대강 저지’ 나섰다
2010,3,독일 교포들도 ‘4대강 저지’ 나섰다
2010,3,독일 교포들도 ‘4대강 저지’ 나섰다
2010,3,독일 교포들도 ‘4대강 저지’ 나섰다
2010,3,독일 교포들도 ‘4대강 저지’ 나섰다
2010,3,독일 교포들도 ‘4대강 저지’ 나섰다
2010,3,독일 교포들도 ‘4대강 저지’ 나섰다
2010,3,독일 교포들도 ‘4대강 저지’ 나섰다
2010,3,황사로 뒤덮인 꽃마차
2010,3,'춘래불사춘'…강원 황사·강풍특보에 눈까지
2010,3,바람이...
2010,3,전북 4개 시·군 강풍주의보 발효
2010,3,전북 4개 시·군 강풍주의보 발효
2010,3,전북 4개 시·군 강풍주의보 발효
2010,3,전북 4개 시·군 강풍주의보 발효
2010,3,전북 4개 시·군 강풍주의보 발효
2010,3,전북 4개 시·군 강풍주의보 발효
2010,3,제주도 09시 강풍주의보 해제
2010,3,강원 5개 시군 0시 황사경보 해제
2010,3,강원 5개 시군 0시 황사경보 해제
2010,3,강원 5개 시군 0시 황사경보 해제
2010,3,강원 5개 시군 0시 황사경보 해제
2010,3,강원 5개 시군 0시 황사경보 해제
2010,3,강원 5개 시군 0시 황사경보 해제
2010,3,강원 5개 시군 0시 황사경보 해제
2010,3,강원 5개 시군 0시 황사경보 해제
2010,3,3월에 내리는 함박눈
2010,3,버스야 빨리와라
2010,3,갑자기 쏟아져 내리는 함박눈
2010,3,'봄눈이 내리는구나'
2010,3,"제주, 포근한 날씨…밤부터 흐리고 비"
2010,3,전국 차차 흐려져 오후부터 '비'
2010,3,전국 차차 흐려져 오후부터 '비'
2010,3,전국 차차 흐려져 오후부터 '비'
2010,3,전국 차차 흐려져 오후부터 '비'
2010,3,4월 평년보다 따뜻…5월엔 일시적 고온
2010,3,"""환경파수꾼 연어 돌아오도록 춤.노래 바칠 것"""
2010,3,"구제역, 선방했지만 아쉬움"
2010,3,"구제역, 선방했지만 아쉬움"
2010,3,"구제역, 선방했지만 아쉬움"
2010,3,"구제역, 선방했지만 아쉬움"
2010,3,"구제역, 선방했지만 아쉬움"
2010,3,"구제역, 선방했지만 아쉬움"
2010,3,"구제역, 선방했지만 아쉬움"
2010,3,남해안서 마비성패류독소 올해 첫 검출
2010,3,"유엔, 상어 국제거래 규제안도 부결"
2010,3,"환경단체 ""에티오피아 수력댐 재앙 초래"""
2010,3,"환경단체 ""에티오피아 수력댐 재앙 초래"""
2010,3,"환경단체 ""에티오피아 수력댐 재앙 초래"""
2010,3,"환경단체 ""에티오피아 수력댐 재앙 초래"""
2010,3,"환경단체 ""에티오피아 수력댐 재앙 초래"""
2010,3,"환경단체 ""에티오피아 수력댐 재앙 초래"""
2010,3,"환경단체 ""에티오피아 수력댐 재앙 초래"""
2010,3,전북 서해남부먼바다 14시 풍랑주의보 발효
2010,3,전국 흐리고 눈·비…강원도 폭설
2010,3,전국 흐리고 눈·비…강원도 폭설
2010,3,전국 흐리고 눈·비…강원도 폭설
2010,3,전국 흐리고 눈·비…강원도 폭설
2010,3,전국 흐리고 눈·비…강원도 폭설
2010,3,전국 흐리고 눈·비…강원도 폭설
2010,3,전국 흐리고 눈·비…강원도 폭설
2010,3,전국 흐리고 눈·비…강원도 폭설
2010,3,그린스포츠 실천 업무협약식
2010,3,등산객 안전사고 예방 산악날씨 실시간 예보
2010,3,등산객 안전사고 예방 산악날씨 실시간 예보
2010,3,등산객 안전사고 예방 산악날씨 실시간 예보
2010,3,등산객 안전사고 예방 산악날씨 실시간 예보
2010,3,등산객 안전사고 예방 산악날씨 실시간 예보
2010,3,등산객 안전사고 예방 산악날씨 실시간 예보
2010,3,등산객 안전사고 예방 산악날씨 실시간 예보
2010,3,등산객 안전사고 예방 산악날씨 실시간 예보
2010,3,중부 곳에 따라 눈발… 꽃샘 추위 28일부터 풀려
2010,3,중부 곳에 따라 눈발… 꽃샘 추위 28일부터 풀려
2010,3,중부 곳에 따라 눈발… 꽃샘 추위 28일부터 풀려
2010,3,중부 곳에 따라 눈발… 꽃샘 추위 28일부터 풀려
2010,3,중부 곳에 따라 눈발… 꽃샘 추위 28일부터 풀려
2010,3,중부 곳에 따라 눈발… 꽃샘 추위 28일부터 풀려
2010,3,중부 곳에 따라 눈발… 꽃샘 추위 28일부터 풀려
2010,3,중부 곳에 따라 눈발… 꽃샘 추위 28일부터 풀려
2010,3,중부 곳에 따라 눈발… 꽃샘 추위 28일부터 풀려
2010,3,창경궁에 핀 산수유꽃
2010,3,손수건 사용으로 지구를 살립시다
2010,3,전북 3월 마지막 휴일 '맑음'…건조주의보 발효 산불 '조심'
2010,3,전북 3월 마지막 휴일 '맑음'…건조주의보 발효 산불 '조심'
2010,3,전북 3월 마지막 휴일 '맑음'…건조주의보 발효 산불 '조심'
2010,3,전북 3월 마지막 휴일 '맑음'…건조주의보 발효 산불 '조심'
2010,3,전북 3월 마지막 휴일 '맑음'…건조주의보 발효 산불 '조심'
2010,3,전북 3월 마지막 휴일 '맑음'…건조주의보 발효 산불 '조심'
2010,3,전북 3월 마지막 휴일 '맑음'…건조주의보 발효 산불 '조심'
년도,월,제목
2010,1,강변북로 양화~원효대교 구간에 지하터널
2010,1,강변북로 양화~원효대교 구간에 지하터널
2010,1,강변북로 양화~원효대교 구간에 지하터널
2010,1,강변북로 양화~원효대교 구간에 지하터널
2010,1,강변북로 양화~원효대교 구간에 지하터널
2010,1,강변북로 양화~원효대교 구간에 지하터널
2010,1,강변북로 양화~원효대교 구간에 지하터널
2010,1,강변북로 양화~원효대교 구간에 지하터널
2010,1,강변북로 양화~원효대교 구간에 지하터널
2010,1,새해 아침에 대나무에 쌓인 눈
2010,1,하루종일 오려나
2010,1,세계 최대 전자쇼 美‘CES’ 7일 개막
2010,1,세계 최대 전자쇼 美‘CES’ 7일 개막
2010,1,세계 최대 전자쇼 美‘CES’ 7일 개막
2010,1,세계 최대 전자쇼 美‘CES’ 7일 개막
2010,1,세계 최대 전자쇼 美‘CES’ 7일 개막
2010,1,세계 최대 전자쇼 美‘CES’ 7일 개막
2010,1,세계 최대 전자쇼 美‘CES’ 7일 개막
2010,1,잠자는 오리들
2010,1,남강댐 물 부산공급 사업 백지화투쟁 확산 조짐
2010,1,남강댐 물 부산공급 사업 백지화투쟁 확산 조짐
2010,1,남강댐 물 부산공급 사업 백지화투쟁 확산 조짐
2010,1,남강댐 물 부산공급 사업 백지화투쟁 확산 조짐
2010,1,남강댐 물 부산공급 사업 백지화투쟁 확산 조짐
2010,1,남강댐 물 부산공급 사업 백지화투쟁 확산 조짐
2010,1,남강댐 물 부산공급 사업 백지화투쟁 확산 조짐
2010,1,남강댐 물 부산공급 사업 백지화투쟁 확산 조짐
2010,1,[날씨_5일(화)] 손이 꽁꽁 발이 꽁꽁
2010,1,호수공원 찾은 시민들
2010,1,새하얀 호수공원
2010,1,구중심처의 아름다운 설경
2010,1,퇴근길 빙판길 사고현장
2010,1,전북지역 대설주의보 해제
2010,1,간월재에 내리는 눈
2010,1,사람의 힘으로 역부족
2010,1,눈내리는 동대문
2010,1,공항·도로·항만 점차 제기능 회복
2010,1,흰 눈밭에 남겨진 나무그림자
2010,1,설경이 아름다운 노을공원
2010,1,녹기전에
2010,1,출근길 조심조심
2010,1,강추위에 얼어붙은 인천공항
2010,1,설국으로 변한 운현궁
2010,1,지구촌 북반구 겨울 ‘이상 한파’
2010,1,전북 전역 0시 대설주의보
2010,1,대산항 기름유출량 1천ℓ 넘는 듯
2010,1,각종 곤충 한자리에
2010,1,고창 등 전북 5개 시.군 07시 대설특보 해제
2010,1,'온난화+엘니뇨'의 반격… 눈 폭탄은 서막
2010,1,'온난화+엘니뇨'의 반격… 눈 폭탄은 서막
2010,1,'온난화+엘니뇨'의 반격… 눈 폭탄은 서막
2010,1,'온난화+엘니뇨'의 반격… 눈 폭탄은 서막
2010,1,'온난화+엘니뇨'의 반격… 눈 폭탄은 서막
2010,1,'온난화+엘니뇨'의 반격… 눈 폭탄은 서막
2010,1,얼음 깨며 미나리 수확
2010,1,중앙환경분쟁조정위원장에 김원민씨
2010,1,"제주, 구름 많고 가끔 눈…당분간 추워"
2010,1,친환경 '국산차 &gt; 수입차'
2010,1,친환경 '국산차 &gt; 수입차'
2010,1,친환경 '국산차 &gt; 수입차'
2010,1,친환경 '국산차 &gt; 수입차'
2010,1,친환경 '국산차 &gt; 수입차'
2010,1,친환경 '국산차 &gt; 수입차'
2010,1,청둥오리와 나란히
2010,1,&lt;오늘날씨&gt; 한파 계속…서울 아침 -12도
2010,1,&lt;오늘날씨&gt; 한파 계속…서울 아침 -12도
2010,1,&lt;오늘날씨&gt; 한파 계속…서울 아침 -12도
2010,1,&lt;오늘날씨&gt; 한파 계속…서울 아침 -12도
2010,1,&lt;오늘날씨&gt; 한파 계속…서울 아침 -12도
2010,1,&lt;오늘날씨&gt; 한파 계속…서울 아침 -12도
2010,1,&lt;오늘날씨&gt; 한파 계속…서울 아침 -12도
2010,1,&lt;오늘날씨&gt; 한파 계속…서울 아침 -12도
2010,1,"북극해 위성사진, 융화속도 충격"
2010,1,"북극해 위성사진, 융화속도 충격"
2010,1,"북극해 위성사진, 융화속도 충격"
2010,1,"북극해 위성사진, 융화속도 충격"
2010,1,"북극해 위성사진, 융화속도 충격"
2010,1,"북극해 위성사진, 융화속도 충격"
2010,1,"북극해 위성사진, 융화속도 충격"
2010,1,"북극해 위성사진, 융화속도 충격"
2010,1,"북극해 위성사진, 융화속도 충격"
2010,1,제철 만난 '노르딕워킹'
2010,1,고드름이 있는 인사동 거리
2010,1,시련과 고통을 이기고
2010,1,10일 전국 포근…모레 다시 추워져
2010,1,10일 전국 포근…모레 다시 추워져
2010,1,10일 전국 포근…모레 다시 추워져
2010,1,10일 전국 포근…모레 다시 추워져
2010,1,10일 전국 포근…모레 다시 추워져
2010,1,10일 전국 포근…모레 다시 추워져
2010,1,"산림청, '녹색강국 실현 릴레이 토론회'"
2010,1,"환경단체, 굴업도 생태보존 표지판 설치"
2010,1,"환경단체, 굴업도 생태보존 표지판 설치"
2010,1,"환경단체, 굴업도 생태보존 표지판 설치"
2010,1,"환경단체, 굴업도 생태보존 표지판 설치"
2010,1,"환경단체, 굴업도 생태보존 표지판 설치"
2010,1,"환경단체, 굴업도 생태보존 표지판 설치"
2010,1,"환경단체, 굴업도 생태보존 표지판 설치"
2010,1,"환경단체, 굴업도 생태보존 표지판 설치"
2010,1,말똥가리의 날갯짓
2010,1,"영산강청, 수질개선 국비 3200억 투자"
2010,1,"경칩 19일 전에 '개굴개굴', 소설 한참 지나 '소복소복'"
2010,1,"경칩 19일 전에 '개굴개굴', 소설 한참 지나 '소복소복'"
2010,1,"경칩 19일 전에 '개굴개굴', 소설 한참 지나 '소복소복'"
2010,1,"경칩 19일 전에 '개굴개굴', 소설 한참 지나 '소복소복'"
2010,1,"경칩 19일 전에 '개굴개굴', 소설 한참 지나 '소복소복'"
2010,1,"경칩 19일 전에 '개굴개굴', 소설 한참 지나 '소복소복'"
2010,1,"경칩 19일 전에 '개굴개굴', 소설 한참 지나 '소복소복'"
2010,1,얼어붙은 오리의 꿈
2010,1,합천 보 방문한 이만의 장관
2010,1,강추위에 움츠린 시민들
2010,1,버스를 기다리는 시민들
2010,1,전북 대설특보 속 많은 눈…고창 15.5㎝
2010,1,"서울시, 물관리 無대책"
2010,1,"서울시, 물관리 無대책"
2010,1,"서울시, 물관리 無대책"
2010,1,"서울시, 물관리 無대책"
2010,1,한강 누드 남녀
2010,1,트럭은 밤에도 꼬리 물고 골재는 ‘공동묘지’
2010,1,"""홍어야 어디 숨었니"" 인공위성으로 경로 추적"
2010,1,"""홍어야 어디 숨었니"" 인공위성으로 경로 추적"
2010,1,"""홍어야 어디 숨었니"" 인공위성으로 경로 추적"
2010,1,"""홍어야 어디 숨었니"" 인공위성으로 경로 추적"
2010,1,"""홍어야 어디 숨었니"" 인공위성으로 경로 추적"
2010,1,"""홍어야 어디 숨었니"" 인공위성으로 경로 추적"
2010,1,"""홍어야 어디 숨었니"" 인공위성으로 경로 추적"
2010,1,먹이 찾아 입에 문 동고비
2010,1,또 눈발 날리는 서울
2010,1,헉! 보육시설 4곳중 1곳서 농약 살충제
2010,1,헉! 보육시설 4곳중 1곳서 농약 살충제
2010,1,헉! 보육시설 4곳중 1곳서 농약 살충제
2010,1,헉! 보육시설 4곳중 1곳서 농약 살충제
2010,1,헉! 보육시설 4곳중 1곳서 농약 살충제
2010,1,헉! 보육시설 4곳중 1곳서 농약 살충제
2010,1,헉! 보육시설 4곳중 1곳서 농약 살충제
2010,1,청계천에서 느끼는 겨울
2010,1,"주말 대전·충남, 포근해"
2010,1,16일 낮부터 '포근'
2010,1,16일 낮부터 '포근'
2010,1,16일 낮부터 '포근'
2010,1,16일 낮부터 '포근'
2010,1,16일 낮부터 '포근'
2010,1,16일 낮부터 '포근'
2010,1,16일 낮부터 '포근'
2010,1,호주 최고 스노위마운틴을 눈처럼 하얗게 뒤덮은 고산목
2010,1,휴일 대구경북 '포근'
2010,1,휴일 대구경북 '포근'
2010,1,휴일 대구경북 '포근'
2010,1,휴일 대구경북 '포근'
2010,1,휴일 대구경북 '포근'
2010,1,휴일 대구경북 '포근'
2010,1,휴일 대구경북 '포근'
2010,1,휴일 대구경북 '포근'
2010,1,잡은 고기 놓칠라!
2010,1,"산청군, 경호강 '꽁꽁'"
2010,1,필요를 넘어 꿈을 닮아가는 집
2010,1,필요를 넘어 꿈을 닮아가는 집
2010,1,필요를 넘어 꿈을 닮아가는 집
2010,1,필요를 넘어 꿈을 닮아가는 집
2010,1,필요를 넘어 꿈을 닮아가는 집
2010,1,필요를 넘어 꿈을 닮아가는 집
2010,1,필요를 넘어 꿈을 닮아가는 집
2010,1,내리는 비를 맞으며
2010,1,청계천 철새보호지역의 겨울 철새들
2010,1,"현대엘리, 기계식 자전거 주차설비 수주"
2010,1,"따롄, 주변 60해리 유빙재해 비상"
2010,1,"따롄, 주변 60해리 유빙재해 비상"
2010,1,"따롄, 주변 60해리 유빙재해 비상"
2010,1,"따롄, 주변 60해리 유빙재해 비상"
2010,1,"따롄, 주변 60해리 유빙재해 비상"
2010,1,"따롄, 주변 60해리 유빙재해 비상"
2010,1,안개 속의 겨울 공원
2010,1,안개 낀 천변에서
2010,1,안개 속 조심 조심...
2010,1,대구경북 겨울비…비 그치면 추위
2010,1,한반도 지진 불감증… 아이티 '강 건너 불' 아니다
2010,1,한반도 지진 불감증… 아이티 '강 건너 불' 아니다
2010,1,한반도 지진 불감증… 아이티 '강 건너 불' 아니다
2010,1,한반도 지진 불감증… 아이티 '강 건너 불' 아니다
2010,1,한반도 지진 불감증… 아이티 '강 건너 불' 아니다
2010,1,경북에 산양 18개체 서식 확인
2010,1,다시 찾아 온 반짝추위
2010,1,"독일, 이스탄불에 아이티급 대지진 경고"
2010,1,"독일, 이스탄불에 아이티급 대지진 경고"
2010,1,"독일, 이스탄불에 아이티급 대지진 경고"
2010,1,"독일, 이스탄불에 아이티급 대지진 경고"
2010,1,"독일, 이스탄불에 아이티급 대지진 경고"
2010,1,"독일, 이스탄불에 아이티급 대지진 경고"
2010,1,"독일, 이스탄불에 아이티급 대지진 경고"
2010,1,"""G20회의서 '세계녹색펀드' 제안할 것"""
2010,1,[날씨_22일(금)] 동장군 다시 기세
2010,1,[날씨_22일(금)] 동장군 다시 기세
2010,1,[날씨_22일(금)] 동장군 다시 기세
2010,1,[날씨_22일(금)] 동장군 다시 기세
2010,1,[날씨_22일(금)] 동장군 다시 기세
2010,1,[날씨_22일(금)] 동장군 다시 기세
2010,1,[날씨_22일(금)] 동장군 다시 기세
2010,1,[날씨_22일(금)] 동장군 다시 기세
2010,1,겨울공기 마시며 산책하는 시민들
2010,1,23일 중부 지방 '꽁꽁'…서울 -10도
2010,1,23일 중부 지방 '꽁꽁'…서울 -10도
2010,1,23일 중부 지방 '꽁꽁'…서울 -10도
2010,1,23일 중부 지방 '꽁꽁'…서울 -10도
2010,1,23일 중부 지방 '꽁꽁'…서울 -10도
2010,1,23일 중부 지방 '꽁꽁'…서울 -10도
2010,1,23일 중부 지방 '꽁꽁'…서울 -10도
2010,1,23일 중부 지방 '꽁꽁'…서울 -10도
2010,1,남덕유산 삿갓봉 정상 눈꽃으로 유혹
2010,1,"사르코지 ""기후변화 논의 G28 월례회의 열자"""
2010,1,"사르코지 ""기후변화 논의 G28 월례회의 열자"""
2010,1,"사르코지 ""기후변화 논의 G28 월례회의 열자"""
2010,1,"사르코지 ""기후변화 논의 G28 월례회의 열자"""
2010,1,"사르코지 ""기후변화 논의 G28 월례회의 열자"""
2010,1,"사르코지 ""기후변화 논의 G28 월례회의 열자"""
2010,1,"사르코지 ""기후변화 논의 G28 월례회의 열자"""
2010,1,"사르코지 ""기후변화 논의 G28 월례회의 열자"""
2010,1,서해남부 먼바다 08시 풍랑주의보
2010,1,안산 갈대습지에 희귀조류 월동
2010,1,안산 갈대습지에 희귀조류 월동
2010,1,안산 갈대습지에 희귀조류 월동
2010,1,안산 갈대습지에 희귀조류 월동
2010,1,안산 갈대습지에 희귀조류 월동
2010,1,안산 갈대습지에 희귀조류 월동
2010,1,안산 갈대습지에 희귀조류 월동
2010,1,안산 갈대습지에 희귀조류 월동
2010,1,아침 햇살이 그려낸 한폭의 그림
2010,1,"서구, 실내공기 오염도 측정 서비스"
2010,1,"서구, 실내공기 오염도 측정 서비스"
2010,1,"서구, 실내공기 오염도 측정 서비스"
2010,1,"서구, 실내공기 오염도 측정 서비스"
2010,1,"서구, 실내공기 오염도 측정 서비스"
2010,1,"서구, 실내공기 오염도 측정 서비스"
2010,1,"서구, 실내공기 오염도 측정 서비스"
2010,1,"서구, 실내공기 오염도 측정 서비스"
2010,1,부산 '석면피해'근원적 안전관리 방안 마련
2010,1,“친환경，규제로만 되나 사람의 마음 움직여라”
2010,1,“친환경，규제로만 되나 사람의 마음 움직여라”
2010,1,“친환경，규제로만 되나 사람의 마음 움직여라”
2010,1,“친환경，규제로만 되나 사람의 마음 움직여라”
2010,1,“친환경，규제로만 되나 사람의 마음 움직여라”
2010,1,“친환경，규제로만 되나 사람의 마음 움직여라”
2010,1,“친환경，규제로만 되나 사람의 마음 움직여라”
2010,1,“친환경，규제로만 되나 사람의 마음 움직여라”
2010,1,&lt;연합시론&gt; `환경지수 OECD 꼴찌' 새겨들어야
2010,1,"기후변화, 법원 판결로 큰 획 그어질 듯"
2010,1,"기후변화, 법원 판결로 큰 획 그어질 듯"
2010,1,"기후변화, 법원 판결로 큰 획 그어질 듯"
2010,1,"기후변화, 법원 판결로 큰 획 그어질 듯"
2010,1,"기후변화, 법원 판결로 큰 획 그어질 듯"
2010,1,"기후변화, 법원 판결로 큰 획 그어질 듯"
2010,1,"기후변화, 법원 판결로 큰 획 그어질 듯"
2010,1,"기후변화, 법원 판결로 큰 획 그어질 듯"
년도,월,제목
2010,2,김해 화포천 습지 겨울전경
2010,2,"제주, 흐리고 비…다소 쌀쌀"
2010,2,"제주, 흐리고 비…다소 쌀쌀"
2010,2,"제주, 흐리고 비…다소 쌀쌀"
2010,2,"제주, 흐리고 비…다소 쌀쌀"
2010,2,"제주, 흐리고 비…다소 쌀쌀"
2010,2,"제주, 흐리고 비…다소 쌀쌀"
2010,2,"제주, 흐리고 비…다소 쌀쌀"
2010,2,"제주, 흐리고 비…다소 쌀쌀"
2010,2,'음식물쓰레기 종량제' 2012년까지 전국 확대
2010,2,체감온도'뚝'~바람'쌩쌩'…대구경북
2010,2,체감온도'뚝'~바람'쌩쌩'…대구경북
2010,2,체감온도'뚝'~바람'쌩쌩'…대구경북
2010,2,체감온도'뚝'~바람'쌩쌩'…대구경북
2010,2,체감온도'뚝'~바람'쌩쌩'…대구경북
2010,2,체감온도'뚝'~바람'쌩쌩'…대구경북
2010,2,체감온도'뚝'~바람'쌩쌩'…대구경북
2010,2,체감온도'뚝'~바람'쌩쌩'…대구경북
2010,2,"코레일 부경본부, 녹색생활 실천운동 발대"
2010,2,추운데 뛰자!
2010,2,[환경에세이]온실가스는 명백한 오염물질
2010,2,[환경에세이]온실가스는 명백한 오염물질
2010,2,[환경에세이]온실가스는 명백한 오염물질
2010,2,[환경에세이]온실가스는 명백한 오염물질
2010,2,[환경에세이]온실가스는 명백한 오염물질
2010,2,[환경에세이]온실가스는 명백한 오염물질
2010,2,[환경에세이]온실가스는 명백한 오염물질
2010,2,청계천 서식 동식물-어류 '돌고기'
2010,2,청계천 서식 동식물-조류 '왜가리
2010,2,낙동강 준설 오염 퇴적층 ‘발암물질’ 논란
2010,2,입춘 강추위 속 봄기운은 '솔솔'
2010,2,경기북부 추위 계속..연천 영하 14도
2010,2,경기북부 추위 계속..연천 영하 14도
2010,2,경기북부 추위 계속..연천 영하 14도
2010,2,경기북부 추위 계속..연천 영하 14도
2010,2,경기북부 추위 계속..연천 영하 14도
2010,2,가로·조경수 상록활엽수로 바꿔 인천 ‘4계절 푸른도시’로 만든다
2010,2,송도갯벌 지키기 어민들도 나섰다
2010,2,송도갯벌 지키기 어민들도 나섰다
2010,2,송도갯벌 지키기 어민들도 나섰다
2010,2,송도갯벌 지키기 어민들도 나섰다
2010,2,송도갯벌 지키기 어민들도 나섰다
2010,2,송도갯벌 지키기 어민들도 나섰다
2010,2,송도갯벌 지키기 어민들도 나섰다
2010,2,송도갯벌 지키기 어민들도 나섰다
2010,2,경기북부 아침 강추위..낮부터 풀려
2010,2,추위 낮부터 한풀 꺽인다
2010,2,추위 낮부터 한풀 꺽인다
2010,2,추위 낮부터 한풀 꺽인다
2010,2,추위 낮부터 한풀 꺽인다
2010,2,추위 낮부터 한풀 꺽인다
2010,2,추위 낮부터 한풀 꺽인다
2010,2,추위 낮부터 한풀 꺽인다
2010,2,추위 낮부터 한풀 꺽인다
2010,2,수중생물도 봄이 기다려진다!
2010,2,청계천에 흐르는 겨울
2010,2,"현대.기아, 시카고 모터쇼에 `플러그인' 출품"
2010,2,"현대.기아, 시카고 모터쇼에 `플러그인' 출품"
2010,2,"현대.기아, 시카고 모터쇼에 `플러그인' 출품"
2010,2,"현대.기아, 시카고 모터쇼에 `플러그인' 출품"
2010,2,"현대.기아, 시카고 모터쇼에 `플러그인' 출품"
2010,2,"현대.기아, 시카고 모터쇼에 `플러그인' 출품"
2010,2,"현대.기아, 시카고 모터쇼에 `플러그인' 출품"
2010,2,&lt;환경&gt; 북극 얼음 녹아 2조4천억달러 손실
2010,2,"파차우리 IPCC 의장, 소설가 데뷔"
2010,2,"파차우리 IPCC 의장, 소설가 데뷔"
2010,2,"파차우리 IPCC 의장, 소설가 데뷔"
2010,2,"파차우리 IPCC 의장, 소설가 데뷔"
2010,2,"파차우리 IPCC 의장, 소설가 데뷔"
2010,2,"파차우리 IPCC 의장, 소설가 데뷔"
2010,2,"파차우리 IPCC 의장, 소설가 데뷔"
2010,2,"파차우리 IPCC 의장, 소설가 데뷔"
2010,2,봄을 재촉하는 단비
2010,2,"中 호랑이, 남아프리카 야생훈련 마치고 귀국"
2010,2,"中 호랑이, 남아프리카 야생훈련 마치고 귀국"
2010,2,"中 호랑이, 남아프리카 야생훈련 마치고 귀국"
2010,2,"中 호랑이, 남아프리카 야생훈련 마치고 귀국"
2010,2,"中 호랑이, 남아프리카 야생훈련 마치고 귀국"
2010,2,"中 호랑이, 남아프리카 야생훈련 마치고 귀국"
2010,2,"中 호랑이, 남아프리카 야생훈련 마치고 귀국"
2010,2,"中 호랑이, 남아프리카 야생훈련 마치고 귀국"
2010,2,비구름과 안개에 둘러싸인 여의도 마천루
2010,2,"""서울도 큰 지진 날 수 있나…"" 주민들 불안"
2010,2,"""서울도 큰 지진 날 수 있나…"" 주민들 불안"
2010,2,"""서울도 큰 지진 날 수 있나…"" 주민들 불안"
2010,2,"""서울도 큰 지진 날 수 있나…"" 주민들 불안"
2010,2,"""서울도 큰 지진 날 수 있나…"" 주민들 불안"
2010,2,"""서울도 큰 지진 날 수 있나…"" 주민들 불안"
2010,2,"""서울도 큰 지진 날 수 있나…"" 주민들 불안"
2010,2,"""서울도 큰 지진 날 수 있나…"" 주민들 불안"
2010,2,입춘 지난 대설
2010,2,눈 내릴땐 대중교통을
2010,2,꽁꽁언 서울
2010,2,부암동 동사무소 직원들의 이른아침 제설작업
2010,2,올겨울 변덕날씨는 '엘니뇨 모도키' 탓
2010,2,올겨울 변덕날씨는 '엘니뇨 모도키' 탓
2010,2,올겨울 변덕날씨는 '엘니뇨 모도키' 탓
2010,2,올겨울 변덕날씨는 '엘니뇨 모도키' 탓
2010,2,올겨울 변덕날씨는 '엘니뇨 모도키' 탓
2010,2,"브뤼셀 사상 최악의 정체, 차량 936km 장사진"
2010,2,“지리산 죽이는 지리산댐 추진 안돼”
2010,2,“지리산 죽이는 지리산댐 추진 안돼”
2010,2,“지리산 죽이는 지리산댐 추진 안돼”
2010,2,“지리산 죽이는 지리산댐 추진 안돼”
2010,2,“지리산 죽이는 지리산댐 추진 안돼”
2010,2,“지리산 죽이는 지리산댐 추진 안돼”
2010,2,“지리산 죽이는 지리산댐 추진 안돼”
2010,2,“지리산 죽이는 지리산댐 추진 안돼”
2010,2,눈옷 입은 나무
2010,2,강원 원주.횡성.홍천 0시 대설주의보
2010,2,강원 원주.횡성.홍천 0시 대설주의보
2010,2,강원 원주.횡성.홍천 0시 대설주의보
2010,2,강원 원주.횡성.홍천 0시 대설주의보
2010,2,강원 원주.횡성.홍천 0시 대설주의보
2010,2,강원 원주.횡성.홍천 0시 대설주의보
2010,2,강원 원주.횡성.홍천 0시 대설주의보
2010,2,강원 원주.횡성.홍천 0시 대설주의보
2010,2,전국 대설특보 10시30분 대부분 해제
2010,2,전국 대설특보 10시30분 대부분 해제
2010,2,전국 대설특보 10시30분 대부분 해제
2010,2,전국 대설특보 10시30분 대부분 해제
2010,2,전국 대설특보 10시30분 대부분 해제
2010,2,전국 대설특보 10시30분 대부분 해제
2010,2,전국 대설특보 10시30분 대부분 해제
2010,2,전국 대설특보 10시30분 대부분 해제
2010,2,전국 대설특보 10시30분 대부분 해제
2010,2,양구지역 폭설 공무원들 비상근무
2010,2,양구지역 폭설 공무원들 비상근무
2010,2,양구지역 폭설 공무원들 비상근무
2010,2,양구지역 폭설 공무원들 비상근무
2010,2,양구지역 폭설 공무원들 비상근무
2010,2,양구지역 폭설 공무원들 비상근무
2010,2,양구지역 폭설 공무원들 비상근무
2010,2,양구지역 폭설 공무원들 비상근무
2010,2,양구지역 폭설 공무원들 비상근무
2010,2,녹는 눈 사이로 크는 풀잎
2010,2,동해시·삼척시 대설경보 발효
2010,2,동해시·삼척시 대설경보 발효
2010,2,동해시·삼척시 대설경보 발효
2010,2,동해시·삼척시 대설경보 발효
2010,2,동해시·삼척시 대설경보 발효
2010,2,동해시·삼척시 대설경보 발효
2010,2,동해시·삼척시 대설경보 발효
2010,2,동해시·삼척시 대설경보 발효
2010,2,눈 속에서 피어나는 버섯의 새봄맞이 움직임
2010,2,[환경에세이]美 소년을 자살로 몰고간 환경호르몬
2010,2,[환경에세이]美 소년을 자살로 몰고간 환경호르몬
2010,2,[환경에세이]美 소년을 자살로 몰고간 환경호르몬
2010,2,[환경에세이]美 소년을 자살로 몰고간 환경호르몬
2010,2,[환경에세이]美 소년을 자살로 몰고간 환경호르몬
2010,2,[환경에세이]美 소년을 자살로 몰고간 환경호르몬
2010,2,[환경에세이]美 소년을 자살로 몰고간 환경호르몬
2010,2,[환경에세이]美 소년을 자살로 몰고간 환경호르몬
2010,2,먹이먹는 재두루미
2010,2,우수 하루 앞둔 운현궁의 아침
2010,2,수도권 밤새 눈… 출근길 빙판 주의
2010,2,수도권 밤새 눈… 출근길 빙판 주의
2010,2,수도권 밤새 눈… 출근길 빙판 주의
2010,2,수도권 밤새 눈… 출근길 빙판 주의
2010,2,수도권 밤새 눈… 출근길 빙판 주의
2010,2,수도권 밤새 눈… 출근길 빙판 주의
2010,2,수도권 밤새 눈… 출근길 빙판 주의
2010,2,'올 겨울 눈내리는 날 많다' 지난겨울 대비 30~40%증가
2010,2,"광주·전남 곳곳에 눈발, 기온도 영하권"
2010,2,유엔 기후변화협약 사무총장 사의(종합)
2010,2,유엔 기후변화협약 사무총장 사의(종합)
2010,2,유엔 기후변화협약 사무총장 사의(종합)
2010,2,유엔 기후변화협약 사무총장 사의(종합)
2010,2,유엔 기후변화협약 사무총장 사의(종합)
2010,2,유엔 기후변화협약 사무총장 사의(종합)
2010,2,유엔 기후변화협약 사무총장 사의(종합)
2010,2,대구 앞산공원서 때죽나무 연리지 발견
2010,2,대구 앞산공원서 때죽나무 연리지 발견
2010,2,대구 앞산공원서 때죽나무 연리지 발견
2010,2,대구 앞산공원서 때죽나무 연리지 발견
2010,2,대구 앞산공원서 때죽나무 연리지 발견
2010,2,대구 앞산공원서 때죽나무 연리지 발견
2010,2,대구 앞산공원서 때죽나무 연리지 발견
2010,2,대구 앞산공원서 때죽나무 연리지 발견
2010,2,대구 앞산공원서 때죽나무 연리지 발견
2010,2,"전북, 2월 세째주 주말 '포근'…낮 최고 11도"
2010,2,"전북, 2월 세째주 주말 '포근'…낮 최고 11도"
2010,2,"전북, 2월 세째주 주말 '포근'…낮 최고 11도"
2010,2,"전북, 2월 세째주 주말 '포근'…낮 최고 11도"
2010,2,"전북, 2월 세째주 주말 '포근'…낮 최고 11도"
2010,2,"전북, 2월 세째주 주말 '포근'…낮 최고 11도"
2010,2,"전북, 2월 세째주 주말 '포근'…낮 최고 11도"
2010,2,"전북, 2월 세째주 주말 '포근'…낮 최고 11도"
2010,2,"전북, 2월 세째주 주말 '포근'…낮 최고 11도"
2010,2,"부산, 완치된 독수리 등 '위성발신기'달고 ""비상"""
2010,2,&lt;오늘날씨&gt; 흐리고 포근…서울 낮최고 10도
2010,2,&lt;오늘날씨&gt; 흐리고 포근…서울 낮최고 10도
2010,2,&lt;오늘날씨&gt; 흐리고 포근…서울 낮최고 10도
2010,2,&lt;오늘날씨&gt; 흐리고 포근…서울 낮최고 10도
2010,2,&lt;오늘날씨&gt; 흐리고 포근…서울 낮최고 10도
2010,2,&lt;오늘날씨&gt; 흐리고 포근…서울 낮최고 10도
2010,2,&lt;오늘날씨&gt; 흐리고 포근…서울 낮최고 10도
2010,2,&lt;오늘날씨&gt; 흐리고 포근…서울 낮최고 10도
2010,2,&lt;연합시론&gt; 첫 탄소중립 결혼식이 시선을 끄는 이유
2010,2,철새이동경로 파트너십 회의 개최
2010,2,골프장 반대… 전국 시민모임 내달 발족
2010,2,골프장 반대… 전국 시민모임 내달 발족
2010,2,골프장 반대… 전국 시민모임 내달 발족
2010,2,골프장 반대… 전국 시민모임 내달 발족
2010,2,골프장 반대… 전국 시민모임 내달 발족
2010,2,골프장 반대… 전국 시민모임 내달 발족
2010,2,골프장 반대… 전국 시민모임 내달 발족
2010,2,밤부터 비교적 큰비…모레까지 최고 100mm
2010,2,"서울시, 환경영향평가 온라인화…평가기간 단축"
2010,2,폭설·한파로 골프장 ‘울상’
2010,2,폭설·한파로 골프장 ‘울상’
2010,2,폭설·한파로 골프장 ‘울상’
2010,2,폭설·한파로 골프장 ‘울상’
2010,2,폭설·한파로 골프장 ‘울상’
2010,2,폭설·한파로 골프장 ‘울상’
2010,2,폭설·한파로 골프장 ‘울상’
2010,2,대전 40㎜·부여 45.5㎜…26일까지 최대 30㎜ 더 내려
2010,2,대구·경북 비…20~50㎜
2010,2,전남 13개 시·군에 강풍특보 발령
2010,2,전남 13개 시·군에 강풍특보 발령
2010,2,전남 13개 시·군에 강풍특보 발령
2010,2,전남 13개 시·군에 강풍특보 발령
2010,2,전남 13개 시·군에 강풍특보 발령
2010,2,전남 13개 시·군에 강풍특보 발령
2010,2,전남 13개 시·군에 강풍특보 발령
2010,2,대룡산에 잔뜩 낀 구름
2010,2,‘녹지축 지키기’ 시민의 힘 모은다
2010,2,‘녹지축 지키기’ 시민의 힘 모은다
2010,2,‘녹지축 지키기’ 시민의 힘 모은다
2010,2,‘녹지축 지키기’ 시민의 힘 모은다
2010,2,‘녹지축 지키기’ 시민의 힘 모은다
2010,2,‘녹지축 지키기’ 시민의 힘 모은다
2010,2,‘녹지축 지키기’ 시민의 힘 모은다
2010,2,‘녹지축 지키기’ 시민의 힘 모은다
2010,2,[2010밴쿠버] '연아언니 축하' 꿈나무들의 세리머니
2010,2,[2010밴쿠버] '연아언니 축하' 꿈나무들의 세리머니
2010,2,[2010밴쿠버] '연아언니 축하' 꿈나무들의 세리머니
2010,2,[2010밴쿠버] '연아언니 축하' 꿈나무들의 세리머니
2010,2,[2010밴쿠버] '연아언니 축하' 꿈나무들의 세리머니
2010,2,[2010밴쿠버] '연아언니 축하' 꿈나무들의 세리머니
2010,2,[2010밴쿠버] '연아언니 축하' 꿈나무들의 세리머니
2010,2,[2010밴쿠버] '연아언니 축하' 꿈나무들의 세리머니
2010,2,[2010밴쿠버] '연아언니 축하' 꿈나무들의 세리머니
2010,2,KTX-Ⅱ의 새 이름 'KTX-산천'
2010,2,KTX-Ⅱ의 새 이름 'KTX-산천'
2010,2,KTX-Ⅱ의 새 이름 'KTX-산천'
2010,2,KTX-Ⅱ의 새 이름 'KTX-산천'
2010,2,KTX-Ⅱ의 새 이름 'KTX-산천'
2010,2,KTX-Ⅱ의 새 이름 'KTX-산천'
2010,2,KTX-Ⅱ의 새 이름 'KTX-산천'
2010,2,KTX-Ⅱ의 새 이름 'KTX-산천'
2010,2,KTX-Ⅱ의 새 이름 'KTX-산천'
년도,월,제목
2010,3,하얀 서울
2010,3,강원 강릉.속초 등 7개 산간지역 대설경보
2010,3,“4대강사업 강행땐 생물 다양성 붕괴”
2010,3,“4대강사업 강행땐 생물 다양성 붕괴”
2010,3,“4대강사업 강행땐 생물 다양성 붕괴”
2010,3,“4대강사업 강행땐 생물 다양성 붕괴”
2010,3,“4대강사업 강행땐 생물 다양성 붕괴”
2010,3,“4대강사업 강행땐 생물 다양성 붕괴”
2010,3,“4대강사업 강행땐 생물 다양성 붕괴”
2010,3,부산에 전국 첫 반려동물 번식센터 설립
2010,3,한걸음 한걸음마다 담은 ‘녹지축 수호’ 시민 염원
2010,3,대구경북 구름많은 흐린날씨
2010,3,대구경북 구름많은 흐린날씨
2010,3,대구경북 구름많은 흐린날씨
2010,3,대구경북 구름많은 흐린날씨
2010,3,대구경북 구름많은 흐린날씨
2010,3,대구경북 구름많은 흐린날씨
2010,3,대구경북 구름많은 흐린날씨
2010,3,"경주마의 봄, 수영으로 스타트"
2010,3,신림~여의도 경전철 우선협상대상자 선정
2010,3,"EU 집행위, 유전자변형 감자 경작 승인"
2010,3,"EU 집행위, 유전자변형 감자 경작 승인"
2010,3,"EU 집행위, 유전자변형 감자 경작 승인"
2010,3,"EU 집행위, 유전자변형 감자 경작 승인"
2010,3,"EU 집행위, 유전자변형 감자 경작 승인"
2010,3,"EU 집행위, 유전자변형 감자 경작 승인"
2010,3,"EU 집행위, 유전자변형 감자 경작 승인"
2010,3,국가기상 슈퍼컴퓨터센터 운영실
2010,3,"'봄철 불청객 황사 대비', 경남도 상황실 운영"
2010,3,[헬로! GREEN/이제는 실천이다]&lt;3부&gt;④ 옥상정원-담쟁이 효과
2010,3,[헬로! GREEN/이제는 실천이다]&lt;3부&gt;④ 옥상정원-담쟁이 효과
2010,3,[헬로! GREEN/이제는 실천이다]&lt;3부&gt;④ 옥상정원-담쟁이 효과
2010,3,[헬로! GREEN/이제는 실천이다]&lt;3부&gt;④ 옥상정원-담쟁이 효과
2010,3,[헬로! GREEN/이제는 실천이다]&lt;3부&gt;④ 옥상정원-담쟁이 효과
2010,3,[헬로! GREEN/이제는 실천이다]&lt;3부&gt;④ 옥상정원-담쟁이 효과
2010,3,[헬로! GREEN/이제는 실천이다]&lt;3부&gt;④ 옥상정원-담쟁이 효과
2010,3,&lt;주말날씨:수도권&gt; 흐리고 日부터 쌀쌀
2010,3,올해 벚꽃 평년보다 6일 일찍 핀다
2010,3,올해 벚꽃 평년보다 6일 일찍 핀다
2010,3,올해 벚꽃 평년보다 6일 일찍 핀다
2010,3,올해 벚꽃 평년보다 6일 일찍 핀다
2010,3,올해 벚꽃 평년보다 6일 일찍 핀다
2010,3,올해 벚꽃 평년보다 6일 일찍 핀다
2010,3,올해 벚꽃 평년보다 6일 일찍 핀다
2010,3,올해 벚꽃 평년보다 6일 일찍 핀다
2010,3,전북 서해 남부 먼바다 5시 풍랑주의보
2010,3,전북 서해남부 먼바다 06시 풍랑주의보
2010,3,전북 서해남부 먼바다 06시 풍랑주의보
2010,3,전북 서해남부 먼바다 06시 풍랑주의보
2010,3,전북 서해남부 먼바다 06시 풍랑주의보
2010,3,전북 서해남부 먼바다 06시 풍랑주의보
2010,3,전북 서해남부 먼바다 06시 풍랑주의보
2010,3,전북 서해남부 먼바다 06시 풍랑주의보
2010,3,전북 서해남부 먼바다 06시 풍랑주의보
2010,3,"지리산 반달곰 또 출산, 복원사업 청신호"
2010,3,서해중부 먼바다 02시 풍랑주의보 해제
2010,3,서해중부 먼바다 02시 풍랑주의보 해제
2010,3,서해중부 먼바다 02시 풍랑주의보 해제
2010,3,서해중부 먼바다 02시 풍랑주의보 해제
2010,3,서해중부 먼바다 02시 풍랑주의보 해제
2010,3,서해중부 먼바다 02시 풍랑주의보 해제
2010,3,서해중부 먼바다 02시 풍랑주의보 해제
2010,3,서해중부 먼바다 02시 풍랑주의보 해제
2010,3,광주 의료폐기물 소각장 추진..주민 갈등
2010,3,춘설 시골마을 풍경
2010,3,[헬로! GREEN/이제는 실천이다]&lt;3부&gt; ⑤ 설거지의 지혜
2010,3,[헬로! GREEN/이제는 실천이다]&lt;3부&gt; ⑤ 설거지의 지혜
2010,3,[헬로! GREEN/이제는 실천이다]&lt;3부&gt; ⑤ 설거지의 지혜
2010,3,[헬로! GREEN/이제는 실천이다]&lt;3부&gt; ⑤ 설거지의 지혜
2010,3,[헬로! GREEN/이제는 실천이다]&lt;3부&gt; ⑤ 설거지의 지혜
2010,3,[헬로! GREEN/이제는 실천이다]&lt;3부&gt; ⑤ 설거지의 지혜
2010,3,[헬로! GREEN/이제는 실천이다]&lt;3부&gt; ⑤ 설거지의 지혜
2010,3,전북 7개 시·군 대설·강풍주의보 발효
2010,3,권병현 유엔 녹색대사 `지구 사막화' 특별 강연
2010,3,"“온실가스감축, 환경부가 맡아야”"
2010,3,강원 영동 나흘째 '폭설'
2010,3,"남아공 ""UNFCCC 사무총장은 우리가.."""
2010,3,홍수 위험 키우는 ‘4대강 사업’
2010,3,홍수 위험 키우는 ‘4대강 사업’
2010,3,홍수 위험 키우는 ‘4대강 사업’
2010,3,홍수 위험 키우는 ‘4대강 사업’
2010,3,영남권 '3월 ‘눈 폭탄'… 출근길 교통대란
2010,3,설국
2010,3,"'유해 동물' 비둘기, 알ㆍ둥지 적극 철거"
2010,3,순백의 하얀 눈 쌓인 독박골
2010,3,한강 고덕ㆍ성내천 등지 생태환경 복원
2010,3,청운공원에서 내려다 본 시내풍경
2010,3,"때 늦은 한파, 항공·선박 운항 '꽁꽁'"
2010,3,부산에도 폭설
2010,3,부산전역 많은 눈 시내주요 도로 교통난 우려
2010,3,폐광 주변 오염 `무방비·무대책·무책임'
2010,3,"유엔 기후변화 보고서, 독립기구 통해 검토"
2010,3,"유엔 기후변화 보고서, 독립기구 통해 검토"
2010,3,"유엔 기후변화 보고서, 독립기구 통해 검토"
2010,3,"유엔 기후변화 보고서, 독립기구 통해 검토"
2010,3,"유엔 기후변화 보고서, 독립기구 통해 검토"
2010,3,"유엔 기후변화 보고서, 독립기구 통해 검토"
2010,3,"유엔 기후변화 보고서, 독립기구 통해 검토"
2010,3,"유엔 기후변화 보고서, 독립기구 통해 검토"
2010,3,국민 60% “온실가스 감축 환경부처가 맡아야”
2010,3,"기상청, 서해에 관측선 띄운다… 오보 개선에 도움 전망"
2010,3,"기상청, 서해에 관측선 띄운다… 오보 개선에 도움 전망"
2010,3,"기상청, 서해에 관측선 띄운다… 오보 개선에 도움 전망"
2010,3,"기상청, 서해에 관측선 띄운다… 오보 개선에 도움 전망"
2010,3,"기상청, 서해에 관측선 띄운다… 오보 개선에 도움 전망"
2010,3,"기상청, 서해에 관측선 띄운다… 오보 개선에 도움 전망"
2010,3,"기상청, 서해에 관측선 띄운다… 오보 개선에 도움 전망"
2010,3,"기상청, 서해에 관측선 띄운다… 오보 개선에 도움 전망"
2010,3,늑대의 반격?..美서 50년만에 사망자
2010,3,"전국 대체로 맑음, 황사 오후부터 약해져"
2010,3,강원 동해안 7개 시.군 강풍경보 해제
2010,3,강원 동해안 7개 시.군 강풍경보 해제
2010,3,강원 동해안 7개 시.군 강풍경보 해제
2010,3,강원 동해안 7개 시.군 강풍경보 해제
2010,3,강원 동해안 7개 시.군 강풍경보 해제
2010,3,강원 동해안 7개 시.군 강풍경보 해제
2010,3,강원 동해안 7개 시.군 강풍경보 해제
2010,3,가시 속에 움트는 봄
2010,3,블루베리꽃 보셨나요?
2010,3,"휴일 대구·경북, 오전 맑다가 오후부터 점차 흐려져"
2010,3,"휴일 대구·경북, 오전 맑다가 오후부터 점차 흐려져"
2010,3,"휴일 대구·경북, 오전 맑다가 오후부터 점차 흐려져"
2010,3,"휴일 대구·경북, 오전 맑다가 오후부터 점차 흐려져"
2010,3,"휴일 대구·경북, 오전 맑다가 오후부터 점차 흐려져"
2010,3,"휴일 대구·경북, 오전 맑다가 오후부터 점차 흐려져"
2010,3,"휴일 대구·경북, 오전 맑다가 오후부터 점차 흐려져"
2010,3,봄비에 빠진 날
2010,3,제주공항 강풍으로 항공기 20편 결항
2010,3,전북지역 다소 강한바람 속 '빗방울'
2010,3,세계 최초 탄소제로 상업용 건물 착공
2010,3,세계 최초 탄소제로 상업용 건물 착공
2010,3,세계 최초 탄소제로 상업용 건물 착공
2010,3,세계 최초 탄소제로 상업용 건물 착공
2010,3,세계 최초 탄소제로 상업용 건물 착공
2010,3,세계 최초 탄소제로 상업용 건물 착공
2010,3,'황사주의보 발령입니다'
2010,3,강원 황사주의보 발효
2010,3,대구·경북 쌀쌀…밤부터 황사 사라져
2010,3,독일 핵폐기장 건설 재추진
2010,3,독일 핵폐기장 건설 재추진
2010,3,독일 핵폐기장 건설 재추진
2010,3,독일 핵폐기장 건설 재추진
2010,3,독일 핵폐기장 건설 재추진
2010,3,독일 핵폐기장 건설 재추진
2010,3,"UAE, 탄소제로도시 규모 축소 검토"
2010,3,'더 코브-슬픈 돌고래의 진실'로 일본 돌고래 사냥 고발한 루이 시호
2010,3,"‘나주’에서 먹는 한라봉, 맛있다고 좋아만 할일 아니다"
2010,3,"대구·경북 밤부터 비, 눈…당분간 쌀쌀"
2010,3,"영국정부, 환경보호 과대광고로 외면"
2010,3,"영국정부, 환경보호 과대광고로 외면"
2010,3,"영국정부, 환경보호 과대광고로 외면"
2010,3,"영국정부, 환경보호 과대광고로 외면"
2010,3,"영국정부, 환경보호 과대광고로 외면"
2010,3,"""4대강 사업은 상당한 피해를 야기할 것""(종합)"
2010,3,“강·습지 대규모 파괴… 4대강 사업 안될 일”
2010,3,인천지역 대설주의보 해제…출근길 교통혼잡 우려
2010,3,인천지역 대설주의보 해제…출근길 교통혼잡 우려
2010,3,인천지역 대설주의보 해제…출근길 교통혼잡 우려
2010,3,인천지역 대설주의보 해제…출근길 교통혼잡 우려
2010,3,인천지역 대설주의보 해제…출근길 교통혼잡 우려
2010,3,인천지역 대설주의보 해제…출근길 교통혼잡 우려
2010,3,인천지역 대설주의보 해제…출근길 교통혼잡 우려
2010,3,"""일본은 포경(捕鯨)을 중단하라!"""
2010,3,독일 교포들도 ‘4대강 저지’ 나섰다
2010,3,독일 교포들도 ‘4대강 저지’ 나섰다
2010,3,독일 교포들도 ‘4대강 저지’ 나섰다
2010,3,독일 교포들도 ‘4대강 저지’ 나섰다
2010,3,독일 교포들도 ‘4대강 저지’ 나섰다
2010,3,독일 교포들도 ‘4대강 저지’ 나섰다
2010,3,독일 교포들도 ‘4대강 저지’ 나섰다
2010,3,독일 교포들도 ‘4대강 저지’ 나섰다
2010,3,황사로 뒤덮인 꽃마차
2010,3,'춘래불사춘'…강원 황사·강풍특보에 눈까지
2010,3,바람이...
2010,3,전북 4개 시·군 강풍주의보 발효
2010,3,전북 4개 시·군 강풍주의보 발효
2010,3,전북 4개 시·군 강풍주의보 발효
2010,3,전북 4개 시·군 강풍주의보 발효
2010,3,전북 4개 시·군 강풍주의보 발효
2010,3,전북 4개 시·군 강풍주의보 발효
2010,3,제주도 09시 강풍주의보 해제
2010,3,강원 5개 시군 0시 황사경보 해제
2010,3,강원 5개 시군 0시 황사경보 해제
2010,3,강원 5개 시군 0시 황사경보 해제
2010,3,강원 5개 시군 0시 황사경보 해제
2010,3,강원 5개 시군 0시 황사경보 해제
2010,3,강원 5개 시군 0시 황사경보 해제
2010,3,강원 5개 시군 0시 황사경보 해제
2010,3,강원 5개 시군 0시 황사경보 해제
2010,3,3월에 내리는 함박눈
2010,3,버스야 빨리와라
2010,3,갑자기 쏟아져 내리는 함박눈
2010,3,'봄눈이 내리는구나'
2010,3,"제주, 포근한 날씨…밤부터 흐리고 비"
2010,3,전국 차차 흐려져 오후부터 '비'
2010,3,전국 차차 흐려져 오후부터 '비'
2010,3,전국 차차 흐려져 오후부터 '비'
2010,3,전국 차차 흐려져 오후부터 '비'
2010,3,4월 평년보다 따뜻…5월엔 일시적 고온
2010,3,"""환경파수꾼 연어 돌아오도록 춤.노래 바칠 것"""
2010,3,"구제역, 선방했지만 아쉬움"
2010,3,"구제역, 선방했지만 아쉬움"
2010,3,"구제역, 선방했지만 아쉬움"
2010,3,"구제역, 선방했지만 아쉬움"
2010,3,"구제역, 선방했지만 아쉬움"
2010,3,"구제역, 선방했지만 아쉬움"
2010,3,"구제역, 선방했지만 아쉬움"
2010,3,남해안서 마비성패류독소 올해 첫 검출
2010,3,"유엔, 상어 국제거래 규제안도 부결"
2010,3,"환경단체 ""에티오피아 수력댐 재앙 초래"""
2010,3,"환경단체 ""에티오피아 수력댐 재앙 초래"""
2010,3,"환경단체 ""에티오피아 수력댐 재앙 초래"""
2010,3,"환경단체 ""에티오피아 수력댐 재앙 초래"""
2010,3,"환경단체 ""에티오피아 수력댐 재앙 초래"""
2010,3,"환경단체 ""에티오피아 수력댐 재앙 초래"""
2010,3,"환경단체 ""에티오피아 수력댐 재앙 초래"""
2010,3,전북 서해남부먼바다 14시 풍랑주의보 발효
2010,3,전국 흐리고 눈·비…강원도 폭설
2010,3,전국 흐리고 눈·비…강원도 폭설
2010,3,전국 흐리고 눈·비…강원도 폭설
2010,3,전국 흐리고 눈·비…강원도 폭설
2010,3,전국 흐리고 눈·비…강원도 폭설
2010,3,전국 흐리고 눈·비…강원도 폭설
2010,3,전국 흐리고 눈·비…강원도 폭설
2010,3,전국 흐리고 눈·비…강원도 폭설
2010,3,그린스포츠 실천 업무협약식
2010,3,등산객 안전사고 예방 산악날씨 실시간 예보
2010,3,등산객 안전사고 예방 산악날씨 실시간 예보
2010,3,등산객 안전사고 예방 산악날씨 실시간 예보
2010,3,등산객 안전사고 예방 산악날씨 실시간 예보
2010,3,등산객 안전사고 예방 산악날씨 실시간 예보
2010,3,등산객 안전사고 예방 산악날씨 실시간 예보
2010,3,등산객 안전사고 예방 산악날씨 실시간 예보
2010,3,등산객 안전사고 예방 산악날씨 실시간 예보
2010,3,중부 곳에 따라 눈발… 꽃샘 추위 28일부터 풀려
2010,3,중부 곳에 따라 눈발… 꽃샘 추위 28일부터 풀려
2010,3,중부 곳에 따라 눈발… 꽃샘 추위 28일부터 풀려
2010,3,중부 곳에 따라 눈발… 꽃샘 추위 28일부터 풀려
2010,3,중부 곳에 따라 눈발… 꽃샘 추위 28일부터 풀려
2010,3,중부 곳에 따라 눈발… 꽃샘 추위 28일부터 풀려
2010,3,중부 곳에 따라 눈발… 꽃샘 추위 28일부터 풀려
2010,3,중부 곳에 따라 눈발… 꽃샘 추위 28일부터 풀려
2010,3,중부 곳에 따라 눈발… 꽃샘 추위 28일부터 풀려
2010,3,창경궁에 핀 산수유꽃
2010,3,손수건 사용으로 지구를 살립시다
2010,3,전북 3월 마지막 휴일 '맑음'…건조주의보 발효 산불 '조심'
2010,3,전북 3월 마지막 휴일 '맑음'…건조주의보 발효 산불 '조심'
2010,3,전북 3월 마지막 휴일 '맑음'…건조주의보 발효 산불 '조심'
2010,3,전북 3월 마지막 휴일 '맑음'…건조주의보 발효 산불 '조심'
2010,3,전북 3월 마지막 휴일 '맑음'…건조주의보 발효 산불 '조심'
2010,3,전북 3월 마지막 휴일 '맑음'…건조주의보 발효 산불 '조심'
2010,3,전북 3월 마지막 휴일 '맑음'…건조주의보 발효 산불 '조심'
년도,월,제목
2010,4,"EU상공회의소, 기업사회공헌 세미나"
2010,4,기상청 '꽃가루 위험지수' 제공
2010,4,"&lt;르포&gt;동해안 대형산불 10년..""생태복원 요원"""
2010,4,"&lt;르포&gt;동해안 대형산불 10년..""생태복원 요원"""
2010,4,"&lt;르포&gt;동해안 대형산불 10년..""생태복원 요원"""
2010,4,"&lt;르포&gt;동해안 대형산불 10년..""생태복원 요원"""
2010,4,"&lt;르포&gt;동해안 대형산불 10년..""생태복원 요원"""
2010,4,"&lt;르포&gt;동해안 대형산불 10년..""생태복원 요원"""
2010,4,"&lt;르포&gt;동해안 대형산불 10년..""생태복원 요원"""
2010,4,[서울서울인]건물옥상에 녹색바람 분다
2010,4,19개 국립공원 청소업무 민간에 위탁
2010,4,19개 국립공원 청소업무 민간에 위탁
2010,4,19개 국립공원 청소업무 민간에 위탁
2010,4,19개 국립공원 청소업무 민간에 위탁
2010,4,19개 국립공원 청소업무 민간에 위탁
2010,4,19개 국립공원 청소업무 민간에 위탁
2010,4,19개 국립공원 청소업무 민간에 위탁
2010,4,19개 국립공원 청소업무 민간에 위탁
2010,4,수질개선 위해 총인 선진국 수준으로 낮춘다
2010,4,수질개선 위해 총인 선진국 수준으로 낮춘다
2010,4,수질개선 위해 총인 선진국 수준으로 낮춘다
2010,4,수질개선 위해 총인 선진국 수준으로 낮춘다
2010,4,수질개선 위해 총인 선진국 수준으로 낮춘다
2010,4,수질개선 위해 총인 선진국 수준으로 낮춘다
2010,4,수질개선 위해 총인 선진국 수준으로 낮춘다
2010,4,수질개선 위해 총인 선진국 수준으로 낮춘다
2010,4,수질개선 위해 총인 선진국 수준으로 낮춘다
2010,4,나들이하기 좋은 날
2010,4,[천안함]백령도 '맑음'…오후 '안개'
2010,4,[천안함]백령도 '맑음'…오후 '안개'
2010,4,[천안함]백령도 '맑음'…오후 '안개'
2010,4,[천안함]백령도 '맑음'…오후 '안개'
2010,4,[천안함]백령도 '맑음'…오후 '안개'
2010,4,[천안함]백령도 '맑음'…오후 '안개'
2010,4,[천안함]백령도 '맑음'…오후 '안개'
2010,4,[천안함]백령도 '맑음'…오후 '안개'
2010,4,폐수 방류수 수질기준 최대 20배 강화
2010,4,"[날씨]식목일, 전국 맑다가 오후에 흐려질듯"
2010,4,"[날씨]식목일, 전국 맑다가 오후에 흐려질듯"
2010,4,"[날씨]식목일, 전국 맑다가 오후에 흐려질듯"
2010,4,"[날씨]식목일, 전국 맑다가 오후에 흐려질듯"
2010,4,"[날씨]식목일, 전국 맑다가 오후에 흐려질듯"
2010,4,"[날씨]식목일, 전국 맑다가 오후에 흐려질듯"
2010,4,"[날씨]식목일, 전국 맑다가 오후에 흐려질듯"
2010,4,"[날씨]식목일, 전국 맑다가 오후에 흐려질듯"
2010,4,'국회 생태사진전' 축사하는 김형오 국회의장
2010,4,전북 고창에 산림청 헬기 배치
2010,4,고래를 지키는 시인들..울산서 고래문학제
2010,4,고래를 지키는 시인들..울산서 고래문학제
2010,4,고래를 지키는 시인들..울산서 고래문학제
2010,4,고래를 지키는 시인들..울산서 고래문학제
2010,4,고래를 지키는 시인들..울산서 고래문학제
2010,4,고래를 지키는 시인들..울산서 고래문학제
2010,4,고래를 지키는 시인들..울산서 고래문학제
2010,4,기상청 내일부터 트위터 서비스도
2010,4,"제주, 맑은 날씨 이어져"
2010,4,이상기후로 하우스·과수 농사 쑥대밭
2010,4,이상기후로 하우스·과수 농사 쑥대밭
2010,4,이상기후로 하우스·과수 농사 쑥대밭
2010,4,이상기후로 하우스·과수 농사 쑥대밭
2010,4,이상기후로 하우스·과수 농사 쑥대밭
2010,4,이상기후로 하우스·과수 농사 쑥대밭
2010,4,이상기후로 하우스·과수 농사 쑥대밭
2010,4,&lt;내일날씨&gt; 낮에 화창…최고기온 22도
2010,4,"[날씨]맑고 큰 일교차..""건강 유의"""
2010,4,"[날씨]맑고 큰 일교차..""건강 유의"""
2010,4,"[날씨]맑고 큰 일교차..""건강 유의"""
2010,4,"[날씨]맑고 큰 일교차..""건강 유의"""
2010,4,"[날씨]맑고 큰 일교차..""건강 유의"""
2010,4,"[날씨]맑고 큰 일교차..""건강 유의"""
2010,4,"[날씨]맑고 큰 일교차..""건강 유의"""
2010,4,"[날씨]맑고 큰 일교차..""건강 유의"""
2010,4,벚꽃과 유채가 가득한 울산 궁거랑
2010,4,"""새들아 마음껏 날아라"" 서울시, 건물유리에 '버드세이버' 부착"
2010,4,"""새들아 마음껏 날아라"" 서울시, 건물유리에 '버드세이버' 부착"
2010,4,"""새들아 마음껏 날아라"" 서울시, 건물유리에 '버드세이버' 부착"
2010,4,"""새들아 마음껏 날아라"" 서울시, 건물유리에 '버드세이버' 부착"
2010,4,"""새들아 마음껏 날아라"" 서울시, 건물유리에 '버드세이버' 부착"
2010,4,"""새들아 마음껏 날아라"" 서울시, 건물유리에 '버드세이버' 부착"
2010,4,"""새들아 마음껏 날아라"" 서울시, 건물유리에 '버드세이버' 부착"
2010,4,"""새들아 마음껏 날아라"" 서울시, 건물유리에 '버드세이버' 부착"
2010,4,전국이 대체로 흐림…남해안 낮 한때 비
2010,4,저속 전기차 제동 걸리나
2010,4,저속 전기차 제동 걸리나
2010,4,저속 전기차 제동 걸리나
2010,4,저속 전기차 제동 걸리나
2010,4,저속 전기차 제동 걸리나
2010,4,저속 전기차 제동 걸리나
2010,4,저속 전기차 제동 걸리나
2010,4,저속 전기차 제동 걸리나
2010,4,진달래 활짝 핀 영취산
2010,4,제네바 토론회서 4대강 영향평가 논란
2010,4,제네바 토론회서 4대강 영향평가 논란
2010,4,제네바 토론회서 4대강 영향평가 논란
2010,4,제네바 토론회서 4대강 영향평가 논란
2010,4,제네바 토론회서 4대강 영향평가 논란
2010,4,제네바 토론회서 4대강 영향평가 논란
2010,4,제네바 토론회서 4대강 영향평가 논란
2010,4,제네바 토론회서 4대강 영향평가 논란
2010,4,&lt;내일날씨&gt; 비 온 뒤 맑아…강풍에 쌀쌀
2010,4,"제임스 캐머런, 아마존 원주민 지원"
2010,4,"제임스 캐머런, 아마존 원주민 지원"
2010,4,"제임스 캐머런, 아마존 원주민 지원"
2010,4,"제임스 캐머런, 아마존 원주민 지원"
2010,4,"제임스 캐머런, 아마존 원주민 지원"
2010,4,"제임스 캐머런, 아마존 원주민 지원"
2010,4,"제임스 캐머런, 아마존 원주민 지원"
2010,4,"제임스 캐머런, 아마존 원주민 지원"
2010,4,'서로 다른 색'이 공존하는 희귀 동백
2010,4,전북 고창 등 7개시·군 강풍특보 발효
2010,4,신비로운 북극광 오로라 사진
2010,4,&lt;오늘날씨&gt; 오후부터 맑겠으나 기온은 쌀쌀
2010,4,&lt;오늘날씨&gt; 오후부터 맑겠으나 기온은 쌀쌀
2010,4,&lt;오늘날씨&gt; 오후부터 맑겠으나 기온은 쌀쌀
2010,4,&lt;오늘날씨&gt; 오후부터 맑겠으나 기온은 쌀쌀
2010,4,&lt;오늘날씨&gt; 오후부터 맑겠으나 기온은 쌀쌀
2010,4,&lt;오늘날씨&gt; 오후부터 맑겠으나 기온은 쌀쌀
2010,4,저탄소 녹색사회를 위해
2010,4,치사하는 정운찬 국무총리
2010,4,녹색기업 출범식
2010,4,공기청정 필터의 세계
2010,4,광주.전남 꽃샘추위..체감온도 영하권
2010,4,서울 14일 아침 0도… 45년來 최저
2010,4,서울 14일 아침 0도… 45년來 최저
2010,4,서울 14일 아침 0도… 45년來 최저
2010,4,서울 14일 아침 0도… 45년來 최저
2010,4,"""올해 복분자 농사는 글렀어. 애물단지일 뿐야."""
2010,4,[헬로! GREEN/이제는 실천이다]&lt;3부&gt;⑧車연료낭비 막기
2010,4,4월 꽃샘추위 주말에 풀릴 듯
2010,4,4월 꽃샘추위 주말에 풀릴 듯
2010,4,4월 꽃샘추위 주말에 풀릴 듯
2010,4,4월 꽃샘추위 주말에 풀릴 듯
2010,4,4월 꽃샘추위 주말에 풀릴 듯
2010,4,4월 꽃샘추위 주말에 풀릴 듯
2010,4,4월 꽃샘추위 주말에 풀릴 듯
2010,4,"영동중남부 늦은 오후 빗방울, 건조특보 주말까지"
2010,4,"장지아지에, 4월에 활짝핀 얼음꽃 장관"
2010,4,"장지아지에, 4월에 활짝핀 얼음꽃 장관"
2010,4,"장지아지에, 4월에 활짝핀 얼음꽃 장관"
2010,4,"장지아지에, 4월에 활짝핀 얼음꽃 장관"
2010,4,"장지아지에, 4월에 활짝핀 얼음꽃 장관"
2010,4,"장지아지에, 4월에 활짝핀 얼음꽃 장관"
2010,4,"장지아지에, 4월에 활짝핀 얼음꽃 장관"
2010,4,"장지아지에, 4월에 활짝핀 얼음꽃 장관"
2010,4,&lt;주말날씨:제주권&gt; 우도서 활소라 맛보세요
2010,4,&lt;주말날씨:제주권&gt; 우도서 활소라 맛보세요
2010,4,&lt;주말날씨:제주권&gt; 우도서 활소라 맛보세요
2010,4,&lt;주말날씨:제주권&gt; 우도서 활소라 맛보세요
2010,4,&lt;주말날씨:제주권&gt; 우도서 활소라 맛보세요
2010,4,&lt;주말날씨:제주권&gt; 우도서 활소라 맛보세요
2010,4,&lt;주말날씨:제주권&gt; 우도서 활소라 맛보세요
2010,4,&lt;주말날씨:제주권&gt; 우도서 활소라 맛보세요
2010,4,&lt;주말날씨:제주권&gt; 우도서 활소라 맛보세요
2010,4,주말 17일 강원 대체로 맑음
2010,4,주말 17일 강원 대체로 맑음
2010,4,주말 17일 강원 대체로 맑음
2010,4,주말 17일 강원 대체로 맑음
2010,4,주말 17일 강원 대체로 맑음
2010,4,주말 17일 강원 대체로 맑음
2010,4,주말 17일 강원 대체로 맑음
2010,4,주말 17일 강원 대체로 맑음
2010,4,주말 17일 강원 대체로 맑음
2010,4,"한국환경공단, 화학물질 유해성 시험기관 지정"
2010,4,"[천안함]백령도 바람·안개·비…""22일까지 유속 느려져"""
2010,4,UN 자동차 인증제도 국제표준화 추진
2010,4,UN 자동차 인증제도 국제표준화 추진
2010,4,UN 자동차 인증제도 국제표준화 추진
2010,4,UN 자동차 인증제도 국제표준화 추진
2010,4,UN 자동차 인증제도 국제표준화 추진
2010,4,UN 자동차 인증제도 국제표준화 추진
2010,4,UN 자동차 인증제도 국제표준화 추진
2010,4,`기업 환경정상회의(B4E)' 모레 개막
2010,4,전국 흐리고 제주·남부 아침 한때 비
2010,4,전국 흐리고 제주·남부 아침 한때 비
2010,4,전국 흐리고 제주·남부 아침 한때 비
2010,4,전국 흐리고 제주·남부 아침 한때 비
2010,4,전국 흐리고 제주·남부 아침 한때 비
2010,4,전국 흐리고 제주·남부 아침 한때 비
2010,4,전국 흐리고 제주·남부 아침 한때 비
2010,4,전국 흐리고 제주·남부 아침 한때 비
2010,4,도심 궁궐 숲 여행
2010,4,남해서부 먼 바다 '풍랑주의보'
2010,4,[날씨_21일(수)] 차차 흐려져 밤비
2010,4,[날씨_21일(수)] 차차 흐려져 밤비
2010,4,[날씨_21일(수)] 차차 흐려져 밤비
2010,4,[날씨_21일(수)] 차차 흐려져 밤비
2010,4,[날씨_21일(수)] 차차 흐려져 밤비
2010,4,[날씨_21일(수)] 차차 흐려져 밤비
2010,4,[날씨_21일(수)] 차차 흐려져 밤비
2010,4,"영광원전 방사성 물질 ""안전에 이상없어"""
2010,4,자전거 페달에서 생기는 전기 신기해요
2010,4,인간과 자연은 하나 '아바타'로 지구의 날 홍보
2010,4,비 그친 후 전국이 쌀쌀…전국이 흐림
2010,4,비 그친 후 전국이 쌀쌀…전국이 흐림
2010,4,비 그친 후 전국이 쌀쌀…전국이 흐림
2010,4,비 그친 후 전국이 쌀쌀…전국이 흐림
2010,4,비 그친 후 전국이 쌀쌀…전국이 흐림
2010,4,비 그친 후 전국이 쌀쌀…전국이 흐림
2010,4,'얼루어 그린캠페인' 팬사인회 가진 서우
2010,4,녹색매장 시범운영 지정점포 선정된 이마트
2010,4,녹색매장 시범 운영 유통업체 MOU 체결
2010,4,"아이슬란드 화산재, 산성비·발암 가능성?"
2010,4,"아이슬란드 화산재, 산성비·발암 가능성?"
2010,4,"아이슬란드 화산재, 산성비·발암 가능성?"
2010,4,"아이슬란드 화산재, 산성비·발암 가능성?"
2010,4,"아이슬란드 화산재, 산성비·발암 가능성?"
2010,4,"아이슬란드 화산재, 산성비·발암 가능성?"
2010,4,구제역 확산 조짐에 인천국제공항 방역 비상
2010,4,구제역 확산 조짐에 인천국제공항 방역 비상
2010,4,구제역 확산 조짐에 인천국제공항 방역 비상
2010,4,구제역 확산 조짐에 인천국제공항 방역 비상
2010,4,구제역 확산 조짐에 인천국제공항 방역 비상
2010,4,구제역 확산 조짐에 인천국제공항 방역 비상
2010,4,구제역 확산 조짐에 인천국제공항 방역 비상
2010,4,구제역 확산 조짐에 인천국제공항 방역 비상
2010,4,구제역 확산 조짐에 인천국제공항 방역 비상
2010,4,아름다운 경포대 야경
2010,4,차분한 휴일 보내요
2010,4,차분한 휴일 보내요
2010,4,차분한 휴일 보내요
2010,4,차분한 휴일 보내요
2010,4,차분한 휴일 보내요
2010,4,차분한 휴일 보내요
2010,4,차분한 휴일 보내요
2010,4,차분한 휴일 보내요
2010,4,표범장지뱀
2010,4,이종호 초대 기상레이더센터장
2010,4,[날씨]전국 흐리고 '봄비'
2010,4,[날씨]전국 흐리고 '봄비'
2010,4,[날씨]전국 흐리고 '봄비'
2010,4,[날씨]전국 흐리고 '봄비'
2010,4,[날씨]전국 흐리고 '봄비'
2010,4,[날씨]전국 흐리고 '봄비'
2010,4,[날씨]전국 흐리고 '봄비'
2010,4,"대전권 어린이 놀이터, 중구지역 가장 '안전'"
2010,4,&lt;내일날씨&gt; 구름 많고 곳곳 소나기
2010,4,타당성 없는 ‘저수지 높이기’ 헛돈 쓰는 4대강
2010,4,타당성 없는 ‘저수지 높이기’ 헛돈 쓰는 4대강
2010,4,타당성 없는 ‘저수지 높이기’ 헛돈 쓰는 4대강
2010,4,타당성 없는 ‘저수지 높이기’ 헛돈 쓰는 4대강
2010,4,타당성 없는 ‘저수지 높이기’ 헛돈 쓰는 4대강
2010,4,타당성 없는 ‘저수지 높이기’ 헛돈 쓰는 4대강
2010,4,타당성 없는 ‘저수지 높이기’ 헛돈 쓰는 4대강
2010,4,낮에도 추운 봄…이상저온 이어져
2010,4,서울환경영화제 올해의 주제는 '물'
2010,4,동해전해상 풍랑주의보 해제
2010,4,'최악의 봄'..쌀쌀하고 비·돌풍·우박·싸락눈
2010,4,'최악의 봄'..쌀쌀하고 비·돌풍·우박·싸락눈
2010,4,'최악의 봄'..쌀쌀하고 비·돌풍·우박·싸락눈
2010,4,'최악의 봄'..쌀쌀하고 비·돌풍·우박·싸락눈
2010,4,'최악의 봄'..쌀쌀하고 비·돌풍·우박·싸락눈
2010,4,'최악의 봄'..쌀쌀하고 비·돌풍·우박·싸락눈
년도,월,제목
2010,1,대전.충남 8개 시.군 11시 한파주의보 해제
2010,1,새해 첫 날 추위 절정...서울 -14℃
2010,1,새해 첫 날 추위 절정...서울 -14℃
2010,1,새해 첫 날 추위 절정...서울 -14℃
2010,1,새해 첫 날 추위 절정...서울 -14℃
2010,1,새해 첫 날 추위 절정...서울 -14℃
2010,1,새해 첫 날 추위 절정...서울 -14℃
2010,1,새해 첫 날 추위 절정...서울 -14℃
2010,1,새해 첫 날 추위 절정...서울 -14℃
2010,1,강원 영서에 기습 폭설
2010,1,중부 눈 오전 그쳐‥추위 일시 주춤
2010,1,서울 등 중부 눈...아침까지 이어져
2010,1,서울 등 중부 눈...아침까지 이어져
2010,1,서울 등 중부 눈...아침까지 이어져
2010,1,서울 등 중부 눈...아침까지 이어져
2010,1,서울 등 중부 눈...아침까지 이어져
2010,1,서울 등 중부 눈...아침까지 이어져
2010,1,서울 등 중부 눈...아침까지 이어져
2010,1,오늘 강추위...새해 첫 출근길 눈
2010,1,오늘 다시 강추위...새해 첫 출근길 눈
2010,1,오늘 다시 강추위...새해 첫 출근길 눈
2010,1,오늘 다시 강추위...새해 첫 출근길 눈
2010,1,오늘 다시 강추위...새해 첫 출근길 눈
2010,1,오늘 다시 강추위...새해 첫 출근길 눈
2010,1,오늘 다시 강추위...새해 첫 출근길 눈
2010,1,오늘 다시 강추위...새해 첫 출근길 눈
2010,1,오늘 다시 강추위...새해 첫 출근길 눈
2010,1,5일부터 전국 강추위…빙판길 주의보
2010,1,눈목도리 두른 이순신
2010,1,경기북부 전역 16시 대설경보 해제
2010,1,"서울, 대설경보 해제…6일까지 눈 이어져"
2010,1,눈 쌓인 안동시청
2010,1,"서울에 25.7cm 눈, 관측이래 최고"
2010,1,안동 등 경북 7개 시ㆍ군 11:00 대설주의보
2010,1,쏟아지는 '雪雪'…교통상황도 '꽁꽁'
2010,1,&lt;지하철도 고장·지연…출근길 `발동동'&gt;(종합)
2010,1,눈 덮인 산하
2010,1,제설 대작전
2010,1,폭설 뚫고 출근
2010,1,서해안 많은눈‥다시 강추위
2010,1,서울 역대 최대 폭설...오늘 한파
2010,1,서울 역대 최대 폭설...오늘 한파
2010,1,서울 역대 최대 폭설...오늘 한파
2010,1,서울 역대 최대 폭설...오늘 한파
2010,1,서울 역대 최대 폭설...오늘 한파
2010,1,경기북부 폭설 이은 최악 혹한에 '휘청'
2010,1,추위가 만든 대관령의 고드름
2010,1,서해안 눈‥올 겨울 최저
2010,1,서해안 눈‥올겨울 최저
2010,1,오늘 서울 -13℃...서해안 오전까지 눈
2010,1,오늘 서울 -13℃...서해안 오전까지 눈
2010,1,오늘 서울 -13℃...서해안 오전까지 눈
2010,1,오늘 서울 -13℃...서해안 오전까지 눈
2010,1,오늘 서울 -13℃...서해안 오전까지 눈
2010,1,강추위가 빚어낸 은빛 세계
2010,1,오늘 올해 들어 가장 추워...서해안 오전에 갬
2010,1,오늘 한파 절정...이달 내내 춥다
2010,1,&lt;오늘날씨&gt; 한파 절정…서울 -14도
2010,1,&lt;오늘날씨&gt; 한파 절정…서울 -14도
2010,1,&lt;오늘날씨&gt; 한파 절정…서울 -14도
2010,1,&lt;오늘날씨&gt; 한파 절정…서울 -14도
2010,1,&lt;오늘날씨&gt; 한파 절정…서울 -14도
2010,1,&lt;오늘날씨&gt; 한파 절정…서울 -14도
2010,1,경기도 '눈 쓰레기'..2차 환경오염 우려
2010,1,올 최고한파...다음 주도 춥다
2010,1,올 최고한파...다음 주도 춥다
2010,1,올 최고한파...다음 주도 춥다
2010,1,올 최고한파...다음 주도 춥다
2010,1,올 최고한파...다음 주도 춥다
2010,1,올 최고한파...다음 주도 춥다
2010,1,올 최고한파...다음 주도 춥다
2010,1,올 최고한파...다음 주도 춥다
2010,1,오늘 추위 주춤...중서부 한때 눈발
2010,1,&lt;오늘날씨&gt; 한파 주춤…서울 영하 7도
2010,1,&lt;오늘날씨&gt; 한파 주춤…서울 영하 7도
2010,1,&lt;오늘날씨&gt; 한파 주춤…서울 영하 7도
2010,1,&lt;오늘날씨&gt; 한파 주춤…서울 영하 7도
2010,1,&lt;오늘날씨&gt; 한파 주춤…서울 영하 7도
2010,1,&lt;오늘날씨&gt; 한파 주춤…서울 영하 7도
2010,1,&lt;오늘날씨&gt; 한파 주춤…서울 영하 7도
2010,1,&lt;오늘날씨&gt; 한파 주춤…서울 영하 7도
2010,1,잠시 움추린 동장군 틈타 휴일 나들이
2010,1,`북한강 쇄빙선(?)'
2010,1,&lt;오늘날씨&gt; 서울 아침 -8도…낮 한때 영상
2010,1,&lt;오늘날씨&gt; 서울 아침 -8도…낮 한때 영상
2010,1,&lt;오늘날씨&gt; 서울 아침 -8도…낮 한때 영상
2010,1,&lt;오늘날씨&gt; 서울 아침 -8도…낮 한때 영상
2010,1,&lt;오늘날씨&gt; 서울 아침 -8도…낮 한때 영상
2010,1,&lt;오늘날씨&gt; 서울 아침 -8도…낮 한때 영상
2010,1,&lt;오늘날씨&gt; 서울 아침 -8도…낮 한때 영상
2010,1,폭설과 한파로 '무스탕' 인기 부활
2010,1,오늘 오후부터 바람 강해져...내일부터 다시 한파 기승
2010,1,오늘 오후부터 바람 강해져...내일부터 다시 한파 기승
2010,1,오늘 오후부터 바람 강해져...내일부터 다시 한파 기승
2010,1,오늘 오후부터 바람 강해져...내일부터 다시 한파 기승
2010,1,오늘 오후부터 바람 강해져...내일부터 다시 한파 기승
2010,1,오늘 오후부터 바람 강해져...내일부터 다시 한파 기승
2010,1,오늘 오후부터 바람 강해져...내일부터 다시 한파 기승
2010,1,오늘 오후부터 바람 강해져...내일부터 다시 한파 기승
2010,1,내일 올 겨울 최고 추위...서해안 폭설
2010,1,대전.충남 또 강추위ㆍ눈..출근길 불편(종합)
2010,1,오늘부터 또 한파...서해안 폭설
2010,1,오늘부터 또 한파...서해안 폭설
2010,1,오늘부터 또 한파...서해안 폭설
2010,1,오늘부터 또 한파...서해안 폭설
2010,1,오늘부터 또 한파...서해안 폭설
2010,1,오늘부터 또 한파...서해안 폭설
2010,1,오늘부터 또 한파...서해안 폭설
2010,1,한파 주말에 풀려...내일 중부 눈
2010,1,충남·호남 많은 눈‥강추위 계속
2010,1,"서울, 6년만에 최고 추위...충남·호남·제주 대설특보"
2010,1,&lt;오늘날씨&gt; 한파속 서해안 폭설…철원 -26도
2010,1,&lt;오늘날씨&gt; 한파속 서해안 폭설…철원 -26도
2010,1,&lt;오늘날씨&gt; 한파속 서해안 폭설…철원 -26도
2010,1,&lt;오늘날씨&gt; 한파속 서해안 폭설…철원 -26도
2010,1,&lt;오늘날씨&gt; 한파속 서해안 폭설…철원 -26도
2010,1,&lt;오늘날씨&gt; 한파속 서해안 폭설…철원 -26도
2010,1,동장군 맹위 한강 상류는 얼음판
2010,1,추위 점차 누그러져...밤사이 중부 눈
2010,1,서해 중부 먼바다 06시 풍랑주의보 해제
2010,1,오늘 올겨울 최고 추위...중부 밤부터 눈
2010,1,오늘 올겨울 최고 추위...중부 밤부터 눈
2010,1,오늘 올겨울 최고 추위...중부 밤부터 눈
2010,1,오늘 올겨울 최고 추위...중부 밤부터 눈
2010,1,오늘 올겨울 최고 추위...중부 밤부터 눈
2010,1,오늘 올겨울 최고 추위...중부 밤부터 눈
2010,1,행정차량이 제설차량으로 변신
2010,1,경기북부 추위 누그러져..아침엔 약한 눈발
2010,1,중부 오전까지 눈...한파 누그러져
2010,1,중부 오전까지 눈...한파 누그러져
2010,1,중부 오전까지 눈...한파 누그러져
2010,1,중부 오전까지 눈...한파 누그러져
2010,1,중부 오전까지 눈...한파 누그러져
2010,1,중부 오전까지 눈...한파 누그러져
2010,1,중부 오전까지 눈...한파 누그러져
2010,1,주말 포근‥큰 일교차 대비
2010,1,주말 포근‥큰 일교차 대비
2010,1,주말 포근‥큰 일교차 대비
2010,1,주말 포근‥큰 일교차 대비
2010,1,주말 포근‥큰 일교차 대비
2010,1,주말 포근‥큰 일교차 대비
2010,1,주말 포근‥큰 일교차 대비
2010,1,주말 포근‥큰 일교차 대비
2010,1,주말 포근‥큰 일교차 대비
2010,1,&lt;오늘날씨&gt; 맑고 포근…서울 낮 최고 2도
2010,1,&lt;오늘날씨&gt; 맑고 포근…서울 낮 최고 2도
2010,1,&lt;오늘날씨&gt; 맑고 포근…서울 낮 최고 2도
2010,1,&lt;오늘날씨&gt; 맑고 포근…서울 낮 최고 2도
2010,1,&lt;오늘날씨&gt; 맑고 포근…서울 낮 최고 2도
2010,1,&lt;오늘날씨&gt; 맑고 포근…서울 낮 최고 2도
2010,1,&lt;오늘날씨&gt; 맑고 포근…서울 낮 최고 2도
2010,1,&lt;오늘날씨&gt; 맑고 포근…서울 낮 최고 2도
2010,1,&lt;오늘날씨&gt; 맑고 포근…서울 낮 최고 2도
2010,1,오늘 전국 대체로 맑고 포근...동해안·영남 건조특보
2010,1,오늘 전국 맑고 포근...아침 안개 주의
2010,1,오늘 전국 맑고 포근...아침 안개 주의
2010,1,오늘 전국 맑고 포근...아침 안개 주의
2010,1,오늘 전국 맑고 포근...아침 안개 주의
2010,1,오늘 전국 맑고 포근...아침 안개 주의
2010,1,오늘 전국 맑고 포근...아침 안개 주의
2010,1,오늘 전국 맑고 포근...아침 안개 주의
2010,1,오늘 전국 맑고 포근...아침 안개 주의
2010,1,어제보다 포근‥밤부터 겨울비
2010,1,오늘 어제보다 포근...서울 9℃
2010,1,오늘 어제보다 포근...서울 9℃
2010,1,오늘 어제보다 포근...서울 9℃
2010,1,오늘 어제보다 포근...서울 9℃
2010,1,오늘 어제보다 포근...서울 9℃
2010,1,오늘 어제보다 포근...서울 9℃
2010,1,오늘 어제보다 포근...서울 9℃
2010,1,오늘 어제보다 포근...서울 9℃
2010,1,동해안 내일까지 비·눈...내일부터 추워져
2010,1,“국내 건물 내진설계 18%뿐… 학교는 87%가 무방비 노출”
2010,1,“국내 건물 내진설계 18%뿐… 학교는 87%가 무방비 노출”
2010,1,“국내 건물 내진설계 18%뿐… 학교는 87%가 무방비 노출”
2010,1,“국내 건물 내진설계 18%뿐… 학교는 87%가 무방비 노출”
2010,1,“국내 건물 내진설계 18%뿐… 학교는 87%가 무방비 노출”
2010,1,“국내 건물 내진설계 18%뿐… 학교는 87%가 무방비 노출”
2010,1,“국내 건물 내진설계 18%뿐… 학교는 87%가 무방비 노출”
2010,1,“국내 건물 내진설계 18%뿐… 학교는 87%가 무방비 노출”
2010,1,주말 스키장 '마지막 피크'?..함박눈에 반짝추위
2010,1,강원 산간 대설주의보...한계령 10.5cm
2010,1,&lt;오늘날씨&gt; 기온 떨어지고 내륙엔 안개
2010,1,&lt;오늘날씨&gt; 기온 떨어지고 내륙엔 안개
2010,1,&lt;오늘날씨&gt; 기온 떨어지고 내륙엔 안개
2010,1,&lt;오늘날씨&gt; 기온 떨어지고 내륙엔 안개
2010,1,&lt;오늘날씨&gt; 기온 떨어지고 내륙엔 안개
2010,1,&lt;오늘날씨&gt; 기온 떨어지고 내륙엔 안개
2010,1,&lt;오늘날씨&gt; 기온 떨어지고 내륙엔 안개
2010,1,올 봄 평년보다 포근해
2010,1,서해5도 05시 강풍주의보 해제
2010,1,&lt;오늘날씨&gt; 기온 급락…충남ㆍ전라 서해안 눈
2010,1,&lt;오늘날씨&gt; 기온 급락…충남ㆍ전라 서해안 눈
2010,1,&lt;오늘날씨&gt; 기온 급락…충남ㆍ전라 서해안 눈
2010,1,&lt;오늘날씨&gt; 기온 급락…충남ㆍ전라 서해안 눈
2010,1,&lt;오늘날씨&gt; 기온 급락…충남ㆍ전라 서해안 눈
2010,1,&lt;오늘날씨&gt; 기온 급락…충남ㆍ전라 서해안 눈
2010,1,&lt;오늘날씨&gt; 기온 급락…충남ㆍ전라 서해안 눈
2010,1,호남 대설주의보 확대...최고 5cm 눈
2010,1,오늘도 강추위...서해안 아침까지 눈
2010,1,오늘도 강추위...서해안 아침까지 눈
2010,1,오늘도 강추위...서해안 아침까지 눈
2010,1,오늘도 강추위...서해안 아침까지 눈
2010,1,오늘도 강추위...서해안 아침까지 눈
2010,1,오늘도 강추위...서해안 아침까지 눈
2010,1,오늘도 강추위...서해안 아침까지 눈
2010,1,오늘도 강추위...서해안 아침까지 눈
2010,1,오늘 평년 기온 회복...중부 일부 오전까지 눈발
2010,1,&lt;오늘날씨&gt; 내륙지방 안개…서울 -5도
2010,1,&lt;오늘날씨&gt; 내륙지방 안개…서울 -5도
2010,1,&lt;오늘날씨&gt; 내륙지방 안개…서울 -5도
2010,1,&lt;오늘날씨&gt; 내륙지방 안개…서울 -5도
2010,1,&lt;오늘날씨&gt; 내륙지방 안개…서울 -5도
2010,1,&lt;오늘날씨&gt; 내륙지방 안개…서울 -5도
2010,1,&lt;오늘날씨&gt; 내륙지방 안개…서울 -5도
2010,1,&lt;오늘날씨&gt; 내륙지방 안개…서울 -5도
2010,1,오늘 옅은 황사...내일까지 반짝 추위
2010,1,오늘~내일 반짝 추위...중부 아침 한때 눈
2010,1,오늘~내일 반짝 추위...중부 아침 한때 눈
2010,1,오늘~내일 반짝 추위...중부 아침 한때 눈
2010,1,오늘~내일 반짝 추위...중부 아침 한때 눈
2010,1,오늘~내일 반짝 추위...중부 아침 한때 눈
2010,1,오늘~내일 반짝 추위...중부 아침 한때 눈
2010,1,오늘~내일 반짝 추위...중부 아침 한때 눈
2010,1,오늘~내일 반짝 추위...중부 아침 한때 눈
2010,1,&lt;오늘날씨&gt; 아침 한파 지속…낮엔 영상권
2010,1,오늘 아침 반짝 추위...낮부터 풀려
2010,1,오늘 아침 반짝 추위...낮부터 풀려
2010,1,오늘 아침 반짝 추위...낮부터 풀려
2010,1,오늘 아침 반짝 추위...낮부터 풀려
2010,1,오늘 아침 반짝 추위...낮부터 풀려
2010,1,오늘 아침 반짝 추위...낮부터 풀려
2010,1,오늘 아침 반짝 추위...낮부터 풀려
2010,1,오늘 아침 반짝 추위...낮부터 풀려
2010,1,전국에 늦은 밤까지 눈비…강원산간 최고 3cm 눈
2010,1,오늘 전국 비...아침 안개
2010,1,오늘 전국 비...아침 안개
2010,1,오늘 전국 비...아침 안개
2010,1,오늘 전국 비...아침 안개
2010,1,오늘 전국 비...아침 안개
2010,1,오늘 전국 비...아침 안개
2010,1,오늘 전국 비...아침 안개
2010,1,오늘 전국 비...아침 안개
2010,1,오늘 점차 갬...오전까지 중부 약한 황사
2010,1,오늘 점차 갬...오전까지 중부 약한 황사
2010,1,오늘 점차 갬...오전까지 중부 약한 황사
2010,1,오늘 점차 갬...오전까지 중부 약한 황사
2010,1,오늘 점차 갬...오전까지 중부 약한 황사
2010,1,오늘 점차 갬...오전까지 중부 약한 황사
2010,1,오늘 점차 갬...오전까지 중부 약한 황사
2010,1,오늘 점차 갬...오전까지 중부 약한 황사
2010,1,오늘 점차 갬...오전까지 중부 약한 황사
